shcore.dll loaded successfully
Found SetProcessDpiAwareness function in shcore.dll
L4 | Fri Feb 27 19:53:24 2026 (782 ms) | general | OneLife client v435 (binV=428, dataV=435) starting up
Opened a bin_v435_cache.fcz from the sprites folder with 2436 files
Decompressing took 0.000000 seconds
cache.fcz file in folder sprites good with 2436 files
Checking that cache contains all of sprites folder's current files...
Cache not stale -- Checking took 253.999914 ms
Loaded 2436 tagged sprites from sprites folder
Opened a bin_v435_cache.fcz from the sounds folder with 406 files
Opened a bin_v435_cache.fcz from the reverbCache folder with 407 files
Loaded 406 sound IDs from sounds folder
Loaded 407 reverbs from reverbCache folder
Decompressing took 0.050000 seconds
cache.fcz file in folder animations good with 3517 files
Checking that cache contains all of animations folder's current files...
Cache not stale -- Checking took 147.000011 ms
Loaded 3517 animations from animations folder
Finished loading animation bank in 0.592000 sec
Decompressing took 0.032000 seconds
cache.fcz file in folder objects good with 4428 files
Checking that cache contains all of objects folder's current files...
Cache not stale -- Checking took 193.000006 ms
Object id 2482 (The Apocalypse# monumentCall) seen as an apocalypse trigger
Loaded 4428 objects from objects folder
  Auto-generated 4899 'used' objects
  Auto-generated 1480 'variable' objects
Finished loading object bank in 3.456000 sec
Loader sees 78 total blocks to scan from folder 'mods'
Scanned 13 blocks from mod/import file
Hash check for mod/import file failed (correct hash=390c44): 5315c1
Scanned 65 blocks from mod/import file
Hash for mod/import computed as fcd28c, matches file name hash in _steam_TheExplorersToolkit_6_fcd28c
Object ID remapping:
Frame rate = 12.373175 frames/second
Mod/import sound id 601 exists in bank as ID 601
Mapping mod/import sound id 601 to bank id 601
Mod/import sound id 605 exists in bank as ID 605
Mapping mod/import sound id 605 to bank id 605
Mod/import sound id 607 exists in bank as ID 607
Mapping mod/import sound id 607 to bank id 607
Mod/import sound id 611 exists in bank as ID 611
Mapping mod/import sound id 611 to bank id 611
Mod/import sound id 612 exists in bank as ID 612
Mapping mod/import sound id 612 to bank id 612
Mod/import sound id 613 exists in bank as ID 613
Mapping mod/import sound id 613 to bank id 613
Mod/import sound id 615 exists in bank as ID 615
Mapping mod/import sound id 615 to bank id 615
Mod/import sound id 620 exists in bank as ID 620
Mapping mod/import sound id 620 to bank id 620
Mod/import sound id 836 exists in bank as ID 836
Mapping mod/import sound id 836 to bank id 836
Mod/import sound id 496 exists in bank as ID 496
Mapping mod/import sound id 496 to bank id 496
Mod/import sound id 349 exists in bank as ID 349
Mapping mod/import sound id 349 to bank id 349
Finished loading mods in 0.369000 sec
Decompressing took -0.000000 seconds
cache.fcz file in folder categories good with 286 files
Checking that cache contains all of categories folder's current files...
Cache not stale -- Checking took 12.999992 ms
Loaded 286 categories from categories folder
Finished loading category bank in 0.351000 sec
Decompressing took 0.003000 seconds
cache.fcz file in folder transitions good with 5229 files
Checking that cache contains all of transitions folder's current files...
Cache not stale -- Checking took 233.999973 ms
Loaded 5229 transitions from transitions folder
Auto-generated 12914 transitions based on categories
Auto-generated 2976 transitions based on pattern categories
Run 0:  Auto-modified 273 transitions based generic use transitions and auto-added 567 last use generic transitions (40 objects had generic use transitions defined).
Run 1:  Auto-modified 23 transitions based generic use transitions and auto-added 567 last use generic transitions (40 objects had generic use transitions defined).
Auto-generated 41785 transitions based on used objects, 391 removed in the process.
Auto-generated 4277 transitions based on variable objects.
Finished loading transition bank in 10.364000 sec
Finished loading ground sprites in 0.310000 sec
Frame rate = 8.143322 frames/second
Frame rate = 59.952030 frames/second
Starting fetching server URL from reflector http://onehouronelife.com/reflector/server.php

Starting web request 3 [GET http://onehouronelife.com/reflector/server.php?action=reflect&email=76561199835593566@steamgames.com (null)]

Web result = bigserver2.onehouronelife.com
8005
435
http://onehouronelife.com/updateServer/server.php
OK
Got server address: bigserver2.onehouronelife.com:8005
Frame rate = 59.453035 frames/second
Got length 63 message
SN
70/230
B25AB9603CEB9E5E601E7AC4B33C2AC141ACE95324107856
435

Sending message to server: LOGIN client_yumlife 76561199835593566@steamgames.com                                                 308BB67121317329F3B29713BFCFB97E8A1F90BB A1E1610953504C6D99BA9D90A926CB498FB5C65A 0#
Frame rate = 59.952039 frames/second
Got length 9 message
ACCEPTED

Got compressed message header:
CM
563 271


Got length 26 message
MC
32 30 -16 -15
6035 563

Got map chunk with bin size 6035, compressed size 563
First chunk isn't too far from center, using 0,0 as our global offset
Map center = 0,0
Got compressed message header:
CM
8956 1999


Got compressed message header:
CM
564 221


Got compressed message header:
CM
44888 6758


Got compressed message header:
CM
1479 650


Got compressed message header:
CM
1217 340


Got compressed message header:
CM
416 141


Got compressed message header:
CM
620 189


Got length 9 message
CR
807 2

Got length 26 message
MS
WELCOME_TO_DONKEYTOWN.

Got length 563 message
LR
71 5025 5026 5027 5028 334 5076 5077 5078 5079 74 474 85 107 152 1624 192 1126 5597 5598 5599 5600 5601 250 282 441 5110 5111 5112 5113 458 5118 5119 5120 461 5121 5122 5123 5124 462 5125 5126 5127 5128 467 5141 5142 5143 5144 3295 7254 7255 7256 7257 3297 7258 7259 7260 7261 4954 9892 9893 9894 9895 502 5156 5157 5158 5159 560 568 5242 5243 5244 5245 583 684 5425 5426 5427 5428 767 850 5444 5445 5446 5447 857 5448 5449 5450 5451 1368 1378 1617 2094 2238 2242 2271 2275 2498 2501 2277 2283 2357 2360 2388 2395 2503 2575 2681 2700 2704 2809 2997 3047 3129
#
Got length 8 message
TS
37 5

Got length 8 message
VS
40 0

Got length 8956 message
PU
8734199 3080 0 0 1977 1977 0 0 1977 1977 2757 0.47 2262 0 1977 1977 60.00 60.00 3.75 2456;2930;844;844;2929,9937;2949 0 0 -1 0 0
8736700 354 0 0 1977 1977 0 0 1977 1977 119 0.45 1533 0 1977 1977 60.00 60.00 3.75 3202;2946;2099;2099;2945,2257;198,2391,2391,2391,2391 0 0 -1 0 0
8737317 1628 0 0 1977 1977 0 0 1977 1977 2759 0.47 2347 0 1977 1977 60.00 60.00 3.75 2456;2882;844;844;2881,4793;2949 0 0 -1 0 0
8739015 3080 0 0 1977 1977 0 0 1977 1977 -1 0.46 366 0 1977 1977 60.00 60.00 3.75 3202;2930;844;844;2929;198 0 0 -1 0 0
8740399 1628 0 0 1977 1977 0 0 1977 1977 -1 0.45 14 0 1977 1977 60.00 60.00 3.75 3476;2930;2099;2099;2929;198 0 0 -1 0 0
8743339 19 0 0 1977 1977 0 0 1977 1977 -1 0.47 14 0 1977 1977 60.00 60.00 3.75 2456;2954;844;844;2953;2949 0 0 -1 0 0
8747562 2404 0 0 1977 1977 0 0 1977 1977 -1 0.47 2988 0 1977 1977 60.00 60.00 3.75 2456;2919;844;844;2918;4147,560,148,59 0 0 -1 0 0
8751909 1007 0 0 1977 1977 0 0 1977 1977 -1 0.46 357 0 1977 1977 60.00 60.00 3.75 3548;2946;844;844;2944;198 0 0 -1 0 0
8762804 1010 0 0 1977 1977 0 0 1977 1977 878 0.47 11834 0 1977 1977 60.00 60.00 3.75 2456;2942;844;844;2945,560;198,235,4082 0 0 -1 0 0
8765384 354 0 0 1977 1977 0 0 1977 1977 -1 0.47 133 0 1977 1977 60.00 60.00 3.75 2456;2930;2886;2886;2945,1615;198,789,34 0 0 -1 0 0
8772388 1009 0 0 1977 1977 2957 0 1977 1977 2957 0.25 18728 0 1977 1977 60.00 60.00 3.75 2456;2882;766;766;2881,807;198,235,2886,34 0 0 -1 0 1
8774768 353 0 0 1977 1977 0 0 1977 1977 -1 0.46 3 0 1977 1977 60.00 60.00 3.75 3464;2930;844;844;2881,34;198 0 0 -1 0 0
8804235 1008 0 0 1977 1977 0 0 1977 1977 2757 0.46 298 0 1977 1977 60.00 60.00 3.75 3465;2954;844;844;2953;198,33 0 0 -1 0 0
8813801 352 0 0 1977 1977 0 0 1977 1977 -1 0.47 2938 0 1977 1977 60.00 60.00 3.75 2456;2954;844;844;2918;2915 0 0 -1 0 0
8839322 2464 0 0 1977 1977 716 0 1977 1977 -1 0.47 180 0 1977 1977 60.00 60.00 3.75 3462;2879;844;844;2953;2949 0 0 -1 0 1
8855345 2404 0 0 1977 1977 0 0 1977 1977 2757 0.47 299 0 1977 1977 60.00 60.00 3.75 2456;2919;844;844;2918,560;2883 0 0 -1 0 0
8858507 1628 0 0 1977 1977 0 0 1977 1977 2759 0.47 665 0 1977 1977 60.00 60.00 3.75 3469;2954;844;844;2945;2883 0 0 -1 0 0
8862825 350 0 0 1977 1977 3158,344,344,344,344,344,344,344,344 0 1977 1977 3161 0.22 0 0 1977 1977 60.00 60.00 7.50 694;2954;844;844;2952;198,4798,5143,4252,31 0 0 -1 0 1
8865095 19 0 0 1977 1977 4655,5078,5078,5078 0 1977 1977 4654 0.25 1372 0 1977 1977 60.00 60.00 15.00 2456;2954;844;844;2953,235;3050,235,34,3344 0 0 -1 0 1
8865635 3078 0 0 1977 1977 0 0 1977 1977 -1 0.47 40 0 1977 1977 60.00 60.00 3.75 2456;2938;844;844;2881;2933 0 0 -1 0 0
8867432 3079 0 0 1977 1977 0 0 1977 1977 2759 0.47 1541 0 1977 1977 60.00 60.00 3.75 2456;2919;844;844;2918,455;2915 0 0 -1 0 0
8873878 353 0 0 1977 1977 0 0 1977 1977 4655 0.44 9838 0 1977 1977 60.00 60.00 3.75 695;2954;844;844;2953;2883 0 0 -1 0 0
8874789 1009 0 0 1977 1977 0 0 1977 1977 -1 0.47 104 0 1977 1977 60.00 60.00 3.75 2456;2930;844;844;2929;198,2170,1619,1617,1619 0 0 -1 0 0
8876704 351 0 0 1977 1977 0 0 1977 1977 4655 0.45 315 0 1977 1977 60.00 60.00 3.75 3485;2919;2099;2099;2917;198 0 0 -1 0 0
8878363 2462 0 0 1977 1977 0 0 1977 1977 -1 0.47 3529 0 1977 1977 60.00 60.00 3.75 2456;2919;766;766;2953,4787;2883 0 0 -1 0 0
8888112 350 0 0 1977 1977 0 0 1977 1977 2758 0.47 575 0 1977 1977 60.00 60.00 3.75 2456;2954;844;844;2953,4798;2949 0 0 -1 0 0
8891137 2462 0 0 1977 1977 0 0 1977 1977 4655 0.45 7796 0 1977 1977 60.00 60.00 3.75 2456;2919;766;766;2918;2915 0 0 -1 0 0
8891292 1007 0 0 1977 1977 4083 0 1977 1977 -1 0.47 5093 0 1977 1977 60.00 60.00 3.75 2456;2954;766;766;2953;2949 0 0 -1 1 1
8891304 2462 0 0 1977 1977 0 0 1977 1977 -1 0.45 15286 0 1977 1977 60.00 60.00 3.75 2456;2930;766;766;2953;2949 0 0 -1 0 0
8893297 2462 0 0 1977 1977 3158,2919,292:34:766:5073,2950,2882,3431,2881:501,292:5433:3329:5059,198:4787:1148:1148:1148 0 1977 1977 3161 0.24 0 0 1977 1977 54.16 60.00 7.50 3562;2882;844;844;2881,235;4147,148,1617,402,2874 0 0 -1 0 1
8893309 2462 0 0 1977 1977 3158 0 1977 1977 3161 0.21 0 0 1977 1977 52.57 60.00 7.50 0;2882;2886;2886;2953,34;8452 0 0 -1 0 1
8893336 1628 0 0 1977 1977 0 0 1977 1977 -1 0.67 1409 0 1977 1977 38.57 60.00 3.75 3464;2930;0;0;2881;198 0 0 -1 0 0
8893341 3081 0 0 1977 1977 0 0 1977 1977 317 0.25 0 0 1977 1977 37.69 60.00 3.75 3482;202;2886;2886;2881;198 0 0 -1 0 0
8893344 3080 0 0 1977 1977 0 0 1977 1977 -1 0.31 1178 0 1977 1977 37.26 60.00 3.75 3562;2882;844;766;2929;4147,148,560,73 0 0 -1 0 0
8893354 1007 0 0 1977 1977 0 0 1977 1977 -1 0.26 0 0 1977 1977 30.00 60.00 3.75 2884;712;0;0;2881,34;198,5061,5176 0 0 -1 0 0
8893355 347 0 0 1977 1977 253 0 1977 1977 -1 0.21 1101 0 1977 1977 28.70 60.00 3.75 3431;712;0;0;0;198 0 0 -1 1 1
8893357 1628 0 0 1977 1977 236 0 1977 1977 1602 0.22 723 0 1977 1977 28.09 60.00 3.75 0;2882;766;766;2929;198,272,5435 0 0 -1 0 1
8893358 1007 0 0 1977 1977 0 0 1977 1977 -1 0.22 1275 0 1977 1977 27.55 60.00 3.75 2180;712;0;0;0;198,34 0 0 -1 0 0
8893359 350 0 0 1977 1977 2172,5077,502 0 1977 1977 -1 0.22 0 0 1977 1977 27.49 60.00 3.75 3497;2882;0;0;2918,235;4147,148,560 0 0 -1 0 1
8893360 2464 0 0 1977 1977 0 0 1977 1977 -1 0.11 39 0 1977 1977 41.42 60.00 3.75 0;0;2886;2886;0;0 0 0 -1 0 0
8893361 2404 0 0 1977 1977 33 0 1977 1977 -1 0.07 0 0 1977 1977 40.74 60.00 3.75 0;0;0;0;0;0 0 0 -1 0 1
8893363 1628 0 0 1977 1977 458 0 1977 1977 459 0.19 2939 0 1977 1977 25.84 60.00 3.75 3431;1315,191;2099;2099;2953;4147,191 0 0 -1 0 1
8893368 2464 0 0 1977 1977 0 0 1977 1977 -1 0.13 1032 0 1977 1977 23.43 60.00 3.75 0;0;0;0;128;4147,148 0 0 -1 0 0
8893370 2462 0 0 1977 1977 1304 0 1977 1977 5679 0.26 1187 0 1977 1977 15.95 60.00 3.75 693;2950;0;0;2953;198,2106,2874,1148,4895 0 0 -1 0 1
8893371 19 0 0 1977 1977 0 0 1977 1977 -1 0.25 537 0 1977 1977 15.48 60.00 3.75 2884;2882;203;203;2881,2836;4147,3329,2855,4233,2844 0 0 -1 0 0
8893372 19 0 0 1977 1977 0 0 1977 1977 5709 0.17 148 0 1977 1977 15.48 60.00 3.75 2884;0;0;0;2881;198,4787 0 0 -1 0 0
8893373 3080 0 0 1977 1977 0 0 1977 1977 1011 0.23 576 0 1977 1977 15.26 60.00 3.75 0;2930;0;0;2881;198,4233,1148,235,236 0 0 -1 0 0
8893374 2462 0 0 1977 1977 236 0 1977 1977 -1 0.24 460 0 1977 1977 13.53 60.00 3.75 3548;3444;2886;2886;2881,33;198,5060,236,236 0 0 -1 0 1
8893375 2462 0 0 1977 1977 0 0 1977 1977 -1 0.27 587 0 1977 1977 12.37 60.00 3.75 3559;2930;0;0;2918;198 0 0 -1 0 0
8893376 2404 0 0 1977 1977 292,34,807,2143 0 1977 1977 -1 0.17 0 0 1977 1977 11.78 60.00 3.75 0;0;2886;2886;200;198,768,5176,4252 0 0 -1 0 1
8893377 2462 0 0 1977 1977 0 0 1977 1977 2757 0.30 0 0 1977 1977 11.71 60.00 3.75 3559;2942;766;2099;2945,235;198,273,5065,277,5074 0 0 -1 0 0
8893378 347 0 0 1977 1977 0 0 1977 1977 -1 0.24 996 0 1977 1977 11.53 60.00 3.75 3431;1315;2886;2886;200;198,33 0 0 -1 0 0
8893379 2462 0 0 1977 1977 0 0 1977 1977 -1 0.22 254 0 1977 1977 11.48 60.00 3.75 0;2930;0;0;2880;198 0 0 -1 0 0
8893380 353 0 0 1977 1977 0 0 1977 1977 -1 0.07 6483 0 1977 1977 25.22 60.00 3.75 0;0;0;0;0;0 0 0 -1 0 0
8893383 2404 0 0 1977 1977 0 0 1977 1977 -1 0.11 0 0 1977 1977 10.66 60.00 3.75 0;0;2886;2886;0;0 0 0 -1 0 0
8893384 1008 0 0 1977 1977 198,768,5064 0 1977 1977 -1 0.24 426 0 1977 1977 10.44 60.00 3.75 3431;712;2099;2099;2881;198,5061,2106,518,2836 0 0 -1 0 1
8893385 2462 0 0 1977 1977 0 0 1977 1977 -1 0.19 190 0 1977 1977 10.10 60.00 3.75 0;2879;0;0;0;198,837,181 0 0 -1 0 0
8893387 2464 0 0 1977 1977 58 0 1977 1977 -1 0.18 207 0 1977 1977 8.86 60.00 3.75 0;2930;0;0;2929;0 0 0 -1 0 1
8893388 2462 0 0 1977 1977 0 0 1977 1977 -1 0.19 127 0 1977 1977 7.69 60.00 3.75 0;2950;0;0;2929;198,8687 0 0 -1 0 0
8893389 2404 0 0 1977 1977 292,34,126,126 0 1977 1977 -1 0.07 272 0 1977 1977 7.17 60.00 3.28 0;0;0;0;0;0 0 0 -1 0 1
8893390 3078 0 0 1977 1977 235 0 1977 1977 -1 0.16 136 0 1977 1977 6.90 60.00 3.28 3431;0;2099;2099;0;198,31,31,5068 0 0 -1 0 1
8893391 3081 0 0 1977 1977 6057 0 1977 1977 -1 0.22 0 0 1977 1977 6.24 60.00 3.28 1314;0;0;0;2927;198 0 0 -1 0 1
8893392 2464 0 0 1977 1977 0 0 1977 1977 -1 0.13 0 0 1977 1977 6.20 60.00 3.28 0;0;2886;2886;0;198,40,34 0 0 -1 0 0
8893393 3080 0 0 1977 1977 5842 0 1977 1977 -1 0.27 200 0 1977 1977 5.77 60.00 3.28 0;2930;0;0;0;198 0 0 -1 0 1
8893394 3080 0 0 1977 1977 0 0 1977 1977 -1 0.34 1 0 1977 1977 5.77 60.00 3.28 0;0;2886;2886;0;0 0 0 -1 0 0
8893395 2464 0 0 1977 1977 33 0 1977 1977 -1 0.12 123 0 1977 1977 5.58 60.00 3.28 0;0;0;0;2916;0 0 0 -1 0 1
8893396 3080 0 0 1977 1977 0 0 1977 1977 -1 0.32 72 0 1977 1977 4.68 60.00 3.28 3468;2930;0;0;2881,1148;198,4233,2844,2855,2836 0 0 -1 0 0
8893398 1629 0 0 1977 1977 292 0 1977 1977 -1 0.07 0 0 1977 1977 3.39 60.00 3.28 0;0;0;0;0;0 0 0 -1 0 1
8893402 2462 0 0 1977 1977 0 0 1977 1977 -1 0.09 158 0 1977 1977 2.51 60.00 3.28 0;0;0;0;0;198 0 0 -1 0 0
8893403 2462 0 0 1977 1977 0 0 1977 1977 -1 0.45 43 0 1977 1977 2.49 60.00 2.81 3474;2882;2099;2099;2881;198 0 0 -1 0 0
8893404 353 0 0 0 0 0 0 0 0 -1 0.50 1 0 0 0 14.00 60.00 3.75 0;0;0;0;0;0 0 0 -1 0 0
#
PLAYER_UPDATE with heldOrVal=0, heldOrx=1977, heldOry=1977, pX=1977, pY=1977, heldTransSrcID=2757, holdingString=0
PLAYER_UPDATE with heldOrVal=0, heldOrx=1977, heldOry=1977, pX=1977, pY=1977, heldTransSrcID=119, holdingString=0
PLAYER_UPDATE with heldOrVal=0, heldOrx=1977, heldOry=1977, pX=1977, pY=1977, heldTransSrcID=2759, holdingString=0
PLAYER_UPDATE with heldOrVal=0, heldOrx=1977, heldOry=1977, pX=1977, pY=1977, heldTransSrcID=-1, holdingString=0
PLAYER_UPDATE with heldOrVal=0, heldOrx=1977, heldOry=1977, pX=1977, pY=1977, heldTransSrcID=-1, holdingString=0
PLAYER_UPDATE with heldOrVal=0, heldOrx=1977, heldOry=1977, pX=1977, pY=1977, heldTransSrcID=-1, holdingString=0
PLAYER_UPDATE with heldOrVal=0, heldOrx=1977, heldOry=1977, pX=1977, pY=1977, heldTransSrcID=-1, holdingString=0
PLAYER_UPDATE with heldOrVal=0, heldOrx=1977, heldOry=1977, pX=1977, pY=1977, heldTransSrcID=-1, holdingString=0
PLAYER_UPDATE with heldOrVal=0, heldOrx=1977, heldOry=1977, pX=1977, pY=1977, heldTransSrcID=878, holdingString=0
PLAYER_UPDATE with heldOrVal=0, heldOrx=1977, heldOry=1977, pX=1977, pY=1977, heldTransSrcID=-1, holdingString=0
PLAYER_UPDATE with heldOrVal=0, heldOrx=1977, heldOry=1977, pX=1977, pY=1977, heldTransSrcID=2957, holdingString=2957
PLAYER_UPDATE with heldOrVal=0, heldOrx=1977, heldOry=1977, pX=1977, pY=1977, heldTransSrcID=-1, holdingString=0
PLAYER_UPDATE with heldOrVal=0, heldOrx=1977, heldOry=1977, pX=1977, pY=1977, heldTransSrcID=2757, holdingString=0
PLAYER_UPDATE with heldOrVal=0, heldOrx=1977, heldOry=1977, pX=1977, pY=1977, heldTransSrcID=-1, holdingString=0
PLAYER_UPDATE with heldOrVal=0, heldOrx=1977, heldOry=1977, pX=1977, pY=1977, heldTransSrcID=-1, holdingString=716
PLAYER_UPDATE with heldOrVal=0, heldOrx=1977, heldOry=1977, pX=1977, pY=1977, heldTransSrcID=2757, holdingString=0
PLAYER_UPDATE with heldOrVal=0, heldOrx=1977, heldOry=1977, pX=1977, pY=1977, heldTransSrcID=2759, holdingString=0
PLAYER_UPDATE with heldOrVal=0, heldOrx=1977, heldOry=1977, pX=1977, pY=1977, heldTransSrcID=3161, holdingString=3158,344,344,344,344,344,344,344,344
PLAYER_UPDATE with heldOrVal=0, heldOrx=1977, heldOry=1977, pX=1977, pY=1977, heldTransSrcID=4654, holdingString=4655,5078,5078,5078
PLAYER_UPDATE with heldOrVal=0, heldOrx=1977, heldOry=1977, pX=1977, pY=1977, heldTransSrcID=-1, holdingString=0
PLAYER_UPDATE with heldOrVal=0, heldOrx=1977, heldOry=1977, pX=1977, pY=1977, heldTransSrcID=2759, holdingString=0
PLAYER_UPDATE with heldOrVal=0, heldOrx=1977, heldOry=1977, pX=1977, pY=1977, heldTransSrcID=4655, holdingString=0
PLAYER_UPDATE with heldOrVal=0, heldOrx=1977, heldOry=1977, pX=1977, pY=1977, heldTransSrcID=-1, holdingString=0
PLAYER_UPDATE with heldOrVal=0, heldOrx=1977, heldOry=1977, pX=1977, pY=1977, heldTransSrcID=4655, holdingString=0
PLAYER_UPDATE with heldOrVal=0, heldOrx=1977, heldOry=1977, pX=1977, pY=1977, heldTransSrcID=-1, holdingString=0
PLAYER_UPDATE with heldOrVal=0, heldOrx=1977, heldOry=1977, pX=1977, pY=1977, heldTransSrcID=2758, holdingString=0
PLAYER_UPDATE with heldOrVal=0, heldOrx=1977, heldOry=1977, pX=1977, pY=1977, heldTransSrcID=4655, holdingString=0
PLAYER_UPDATE with heldOrVal=0, heldOrx=1977, heldOry=1977, pX=1977, pY=1977, heldTransSrcID=-1, holdingString=4083
PLAYER_UPDATE with heldOrVal=0, heldOrx=1977, heldOry=1977, pX=1977, pY=1977, heldTransSrcID=-1, holdingString=0
PLAYER_UPDATE with heldOrVal=0, heldOrx=1977, heldOry=1977, pX=1977, pY=1977, heldTransSrcID=3161, holdingString=3158,2919,292:34:766:5073,2950,2882,3431,2881:501,292:5433:3329:5059,198:4787:1148:1148:1148
PLAYER_UPDATE with heldOrVal=0, heldOrx=1977, heldOry=1977, pX=1977, pY=1977, heldTransSrcID=3161, holdingString=3158
PLAYER_UPDATE with heldOrVal=0, heldOrx=1977, heldOry=1977, pX=1977, pY=1977, heldTransSrcID=-1, holdingString=0
PLAYER_UPDATE with heldOrVal=0, heldOrx=1977, heldOry=1977, pX=1977, pY=1977, heldTransSrcID=317, holdingString=0
PLAYER_UPDATE with heldOrVal=0, heldOrx=1977, heldOry=1977, pX=1977, pY=1977, heldTransSrcID=-1, holdingString=0
PLAYER_UPDATE with heldOrVal=0, heldOrx=1977, heldOry=1977, pX=1977, pY=1977, heldTransSrcID=-1, holdingString=0
PLAYER_UPDATE with heldOrVal=0, heldOrx=1977, heldOry=1977, pX=1977, pY=1977, heldTransSrcID=-1, holdingString=253
PLAYER_UPDATE with heldOrVal=0, heldOrx=1977, heldOry=1977, pX=1977, pY=1977, heldTransSrcID=1602, holdingString=236
PLAYER_UPDATE with heldOrVal=0, heldOrx=1977, heldOry=1977, pX=1977, pY=1977, heldTransSrcID=-1, holdingString=0
PLAYER_UPDATE with heldOrVal=0, heldOrx=1977, heldOry=1977, pX=1977, pY=1977, heldTransSrcID=-1, holdingString=2172,5077,502
PLAYER_UPDATE with heldOrVal=0, heldOrx=1977, heldOry=1977, pX=1977, pY=1977, heldTransSrcID=-1, holdingString=0
PLAYER_UPDATE with heldOrVal=0, heldOrx=1977, heldOry=1977, pX=1977, pY=1977, heldTransSrcID=-1, holdingString=33
PLAYER_UPDATE with heldOrVal=0, heldOrx=1977, heldOry=1977, pX=1977, pY=1977, heldTransSrcID=459, holdingString=458
PLAYER_UPDATE with heldOrVal=0, heldOrx=1977, heldOry=1977, pX=1977, pY=1977, heldTransSrcID=-1, holdingString=0
PLAYER_UPDATE with heldOrVal=0, heldOrx=1977, heldOry=1977, pX=1977, pY=1977, heldTransSrcID=5679, holdingString=1304
PLAYER_UPDATE with heldOrVal=0, heldOrx=1977, heldOry=1977, pX=1977, pY=1977, heldTransSrcID=-1, holdingString=0
PLAYER_UPDATE with heldOrVal=0, heldOrx=1977, heldOry=1977, pX=1977, pY=1977, heldTransSrcID=5709, holdingString=0
PLAYER_UPDATE with heldOrVal=0, heldOrx=1977, heldOry=1977, pX=1977, pY=1977, heldTransSrcID=1011, holdingString=0
PLAYER_UPDATE with heldOrVal=0, heldOrx=1977, heldOry=1977, pX=1977, pY=1977, heldTransSrcID=-1, holdingString=236
PLAYER_UPDATE with heldOrVal=0, heldOrx=1977, heldOry=1977, pX=1977, pY=1977, heldTransSrcID=-1, holdingString=0
PLAYER_UPDATE with heldOrVal=0, heldOrx=1977, heldOry=1977, pX=1977, pY=1977, heldTransSrcID=-1, holdingString=292,34,807,2143
PLAYER_UPDATE with heldOrVal=0, heldOrx=1977, heldOry=1977, pX=1977, pY=1977, heldTransSrcID=2757, holdingString=0
PLAYER_UPDATE with heldOrVal=0, heldOrx=1977, heldOry=1977, pX=1977, pY=1977, heldTransSrcID=-1, holdingString=0
PLAYER_UPDATE with heldOrVal=0, heldOrx=1977, heldOry=1977, pX=1977, pY=1977, heldTransSrcID=-1, holdingString=0
PLAYER_UPDATE with heldOrVal=0, heldOrx=1977, heldOry=1977, pX=1977, pY=1977, heldTransSrcID=-1, holdingString=0
PLAYER_UPDATE with heldOrVal=0, heldOrx=1977, heldOry=1977, pX=1977, pY=1977, heldTransSrcID=-1, holdingString=0
PLAYER_UPDATE with heldOrVal=0, heldOrx=1977, heldOry=1977, pX=1977, pY=1977, heldTransSrcID=-1, holdingString=198,768,5064
PLAYER_UPDATE with heldOrVal=0, heldOrx=1977, heldOry=1977, pX=1977, pY=1977, heldTransSrcID=-1, holdingString=0
PLAYER_UPDATE with heldOrVal=0, heldOrx=1977, heldOry=1977, pX=1977, pY=1977, heldTransSrcID=-1, holdingString=58
PLAYER_UPDATE with heldOrVal=0, heldOrx=1977, heldOry=1977, pX=1977, pY=1977, heldTransSrcID=-1, holdingString=0
PLAYER_UPDATE with heldOrVal=0, heldOrx=1977, heldOry=1977, pX=1977, pY=1977, heldTransSrcID=-1, holdingString=292,34,126,126
PLAYER_UPDATE with heldOrVal=0, heldOrx=1977, heldOry=1977, pX=1977, pY=1977, heldTransSrcID=-1, holdingString=235
PLAYER_UPDATE with heldOrVal=0, heldOrx=1977, heldOry=1977, pX=1977, pY=1977, heldTransSrcID=-1, holdingString=6057
PLAYER_UPDATE with heldOrVal=0, heldOrx=1977, heldOry=1977, pX=1977, pY=1977, heldTransSrcID=-1, holdingString=0
PLAYER_UPDATE with heldOrVal=0, heldOrx=1977, heldOry=1977, pX=1977, pY=1977, heldTransSrcID=-1, holdingString=5842
PLAYER_UPDATE with heldOrVal=0, heldOrx=1977, heldOry=1977, pX=1977, pY=1977, heldTransSrcID=-1, holdingString=0
PLAYER_UPDATE with heldOrVal=0, heldOrx=1977, heldOry=1977, pX=1977, pY=1977, heldTransSrcID=-1, holdingString=33
PLAYER_UPDATE with heldOrVal=0, heldOrx=1977, heldOry=1977, pX=1977, pY=1977, heldTransSrcID=-1, holdingString=0
PLAYER_UPDATE with heldOrVal=0, heldOrx=1977, heldOry=1977, pX=1977, pY=1977, heldTransSrcID=-1, holdingString=292
PLAYER_UPDATE with heldOrVal=0, heldOrx=1977, heldOry=1977, pX=1977, pY=1977, heldTransSrcID=-1, holdingString=0
PLAYER_UPDATE with heldOrVal=0, heldOrx=1977, heldOry=1977, pX=1977, pY=1977, heldTransSrcID=-1, holdingString=0
PLAYER_UPDATE with heldOrVal=0, heldOrx=0, heldOry=0, pX=0, pY=0, heldTransSrcID=-1, holdingString=0
Got first PLAYER_UPDATE message, our ID = 8893404
Got length 564 message
PO
8734199
8736700
8737317
8739015
8740399
8743339
8747562
8751909
8762804
8765384
8772388
8774768
8804235
8813801
8839322
8855345
8858507
8862825
8865095
8865635
8867432
8873878
8874789
8876704
8878363
8888112
8891137
8891292
8891304
8893297
8893309
8893336
8893341
8893344
8893354
8893355
8893357
8893358
8893359
8893360
8893361
8893363
8893368
8893370
8893371
8893372
8893373
8893374
8893375
8893376
8893377
8893378
8893379
8893380
8893383
8893384
8893385
8893387
8893388
8893389
8893390
8893391
8893392
8893393
8893394
8893395
8893396
8893398
8893402
8893403
#
Got length 44888 message
LN
8734199 8734127 8734088 8734008 8733977 8733884 8733862 8733811 8733778 8733730 8733696 8733654 8733601 8733554 8733522 8733488 8733449 8733381 8733331 8733313 8733300 8733292 8733270 8733256 8733206 8733182 8733171 8733165 8733139 8733124 8733119 8733104 8733101 8733095 8733079 8733073 8733063 8733046 8733026 8733009 8732975 8732927 8732903 8732847 8732824 8732772 8732739 8732693 8732610 8732546 8732519 8732496 8732447 8732368 8732304 8732242 8732215 8732154 8732085 8732044 8731985 8731907 8731876 8731826 8731797 8731754 8731740 8731701 8731676 8731645 8731603 8731549 8731529 8731491 8731458 8731443 8731426 8731420 8731412 8731401 8731378 8731371 8731363 8731343 8731329 8731305 8731237 8731197 8731168 8731133 8731102 8731034 8731003 8730943 8730887 8730830 8730805 8730779 8730724 8730681 8730618 8730544 8730500 8730424 8730355 8730316 8730280 8730249 8730236 8730210 8730180 8730134 8730092 8730018 8729967 8729949 8729942 8729922 8729902 8729884 8729854 8729840 8729829 8729806 8729788 eve=8729788
8736700 8736666 8736649 8736638 8736609 8736566 8736543 8736530 8736497 8736455 8736427 8736366 8736337 8736303 8736269 8736164 8736117 8736087 8736050 8735988 8735946 8735891 8735868 8735827 8735736 8735715 8735685 8735668 8735632 8735625 8735575 8735556 8735533 8735480 8735431 8735392 8735355 8735340 8735327 8735307 8735288 8735266 8735258 8735237 8735220 8735212 8735177 8735097 8735024 8734977 8734950 8734900 8734869 8734793 8734765 8734700 8734651 8734614 8734549 8734513 8734449 8734354 8734301 8734237 8734200 8734149 8734129 8734068 8734057 8734000 8733961 8733867 8733795 8733732 8733706 8733677 8733628 8733607 8733555 8733533 8733478 8733461 8733384 8733356 8733340 8733321 8733309 8733295 8733287 8733274 8733260 8733224 8733197 8733184 8733177 8733162 8733140 8733125 8733115 8733107 8733096 8733077 8733071 8733060 8733044 8733022 8732996 8732931 8732921 8732898 8732848 8732822 8732771 8732747 8732711 8732686 8732606 8732539 8732497 8732459 8732410 8732333 8732277 8732231 8732201 8732166 8732134 8732071 8732035 8731999 8731906 8731869 8731815 8731789 8731756 8731722 8731698 8731675 8731652 8731637 8731607 8731557 eve=8731557
8737317 8737269 8737238 8737213 8737191 8737163 8737144 8737131 8737088 8737058 8737050 8737043 8737025 8737007 8736991 8736986 8736968 8736954 8736945 8736937 8736922 8736909 8736896 8736875 8736851 8736839 8736810 8736798 8736746 8736695 8736650 8736636 8736606 8736572 8736538 8736495 8736454 8736430 8736391 8736334 8736307 8736263 8736213 8736141 8736105 8736089 8736037 8735999 8735971 8735947 8735910 8735878 8735832 8735772 8735720 8735681 8735651 8735633 8735624 8735571 8735555 8735492 8735428 8735393 8735356 8735341 8735321 8735287 8735263 8735255 8735244 8735217 8735188 8735156 8735043 8735015 8734956 8734880 8734852 8734819 8734777 8734726 8734681 8734650 8734603 8734560 8734514 8734475 8734420 8734332 8734288 8734218 8734192 8734145 8734111 8734058 8733984 8733887 8733845 8733789 8733733 8733709 8733685 8733627 8733603 8733553 8733522 8733488 8733449 8733381 8733331 8733313 8733300 8733292 8733270 8733256 8733206 8733182 8733171 8733165 8733139 8733124 8733119 8733104 8733101 8733095 8733079 8733073 8733063 8733046 8733026 8733009 8732975 8732927 8732903 8732847 8732824 8732772 8732739 8732693 8732610 8732546 8732519 8732496 8732447 8732368 8732304 8732242 8732215 8732154 8732085 8732044 8731985 8731907 8731876 8731826 8731797 8731754 8731740 8731701 8731676 8731645 8731603 8731549 8731529 8731491 8731458 8731443 8731426 8731420 8731412 8731401 8731378 8731371 8731363 8731343 8731329 8731305 8731237 8731197 8731168 8731133 8731102 8731034 8731003 8730943 8730887 8730830 8730805 8730779 8730724 8730681 8730618 8730544 8730500 8730424 8730355 8730316 8730280 8730249 8730236 8730210 8730180 8730134 8730092 8730018 8729967 8729949 8729942 8729922 8729902 8729884 8729854 8729840 8729829 8729806 8729788 eve=8729788
8739015 8738992 8738978 8738951 8738942 8738928 8738896 8738835 8738808 8738784 8738743 8738720 8738671 8738613 8738565 8738522 8738514 8738466 8738443 8738421 8738383 8738351 8738275 8738253 8738213 8738190 8738160 8738141 8738103 8738049 8738028 8737968 8737937 8737902 8737868 8737795 8737741 8737651 8737607 8737546 8737466 8737440 8737421 8737376 8737349 8737315 8737286 8737238 8737213 8737191 8737163 8737144 8737131 8737088 8737058 8737050 8737043 8737025 8737007 8736991 8736986 8736968 8736954 8736945 8736937 8736922 8736909 8736896 8736875 8736851 8736839 8736810 8736798 8736746 8736695 8736650 8736636 8736606 8736572 8736538 8736495 8736454 8736430 8736391 8736334 8736307 8736263 8736213 8736141 8736105 8736089 8736037 8735999 8735971 8735947 8735910 8735878 8735832 8735772 8735720 8735681 8735651 8735633 8735624 8735571 8735555 8735492 8735428 8735393 8735356 8735341 8735321 8735287 8735263 8735255 8735244 8735217 8735188 8735156 8735043 8735015 8734956 8734880 8734852 8734819 8734777 8734726 8734681 8734650 8734603 8734560 8734514 8734475 8734420 8734332 8734288 8734218 8734192 8734145 8734111 8734058 8733984 8733887 8733845 8733789 8733733 8733709 8733685 8733627 8733603 8733553 8733522 8733488 8733449 8733381 8733331 8733313 8733300 8733292 8733270 8733256 8733206 8733182 8733171 8733165 8733139 8733124 8733119 8733104 8733101 8733095 8733079 8733073 8733063 8733046 8733026 8733009 8732975 8732927 8732903 8732847 8732824 8732772 8732739 8732693 8732610 8732546 8732519 8732496 8732447 8732368 8732304 8732242 8732215 8732154 8732085 8732044 8731985 8731907 8731876 8731826 8731797 8731754 8731740 8731701 8731676 8731645 8731603 8731549 8731529 8731491 8731458 8731443 8731426 8731420 8731412 8731401 8731378 8731371 8731363 8731343 8731329 8731305 8731237 8731197 8731168 8731133 8731102 8731034 8731003 8730943 8730887 8730830 8730805 8730779 8730724 8730681 8730618 8730544 8730500 8730424 8730355 8730316 8730280 8730249 8730236 8730210 8730180 8730134 8730092 8730018 8729967 8729949 8729942 8729922 8729902 8729884 8729854 8729840 8729829 8729806 8729788 eve=8729788
8740399 8740315 8740303 8740254 8740233 8740210 8740188 8740129 8740061 8740044 8739955 8739865 8739841 8739759 8739690 8739656 8739615 8739592 8739545 8739502 8739456 8739424 8739410 8739384 8739356 8739271 8739239 8739222 8739204 8739161 8739137 8739076 8739054 8739029 8739005 8738983 8738960 8738942 8738928 8738896 8738835 8738808 8738784 8738743 8738720 8738671 8738613 8738565 8738522 8738514 8738466 8738443 8738421 8738383 8738351 8738275 8738253 8738213 8738190 8738160 8738141 8738103 8738049 8738028 8737968 8737937 8737902 8737868 8737795 8737741 8737651 8737607 8737546 8737466 8737440 8737421 8737376 8737349 8737315 8737286 8737238 8737213 8737191 8737163 8737144 8737131 8737088 8737058 8737050 8737043 8737025 8737007 8736991 8736986 8736968 8736954 8736945 8736937 8736922 8736909 8736896 8736875 8736851 8736839 8736810 8736798 8736746 8736695 8736650 8736636 8736606 8736572 8736538 8736495 8736454 8736430 8736391 8736334 8736307 8736263 8736213 8736141 8736105 8736089 8736037 8735999 8735971 8735947 8735910 8735878 8735832 8735772 8735720 8735681 8735651 8735633 8735624 8735571 8735555 8735492 8735428 8735393 8735356 8735341 8735321 8735287 8735263 8735255 8735244 8735217 8735188 8735156 8735043 8735015 8734956 8734880 8734852 8734819 8734777 8734726 8734681 8734650 8734603 8734560 8734514 8734475 8734420 8734332 8734288 8734218 8734192 8734145 8734111 8734058 8733984 8733887 8733845 8733789 8733733 8733709 8733685 8733627 8733603 8733553 8733522 8733488 8733449 8733381 8733331 8733313 8733300 8733292 8733270 8733256 8733206 8733182 8733171 8733165 8733139 8733124 8733119 8733104 8733101 8733095 8733079 8733073 8733063 8733046 8733026 8733009 8732975 8732927 8732903 8732847 8732824 8732772 8732739 8732693 8732610 8732546 8732519 8732496 8732447 8732368 8732304 8732242 8732215 8732154 8732085 8732044 8731985 8731907 8731876 8731826 8731797 8731754 8731740 8731701 8731676 8731645 8731603 8731549 8731529 8731491 8731458 8731443 8731426 8731420 8731412 8731401 8731378 8731371 8731363 8731343 8731329 8731305 8731237 8731197 8731168 8731133 8731102 8731034 8731003 8730943 8730887 8730830 8730805 8730779 8730724 8730681 8730618 8730544 8730500 8730424 8730355 8730316 8730280 8730249 8730236 8730210 8730180 8730134 8730092 8730018 8729967 8729949 8729942 8729922 8729902 8729884 8729854 8729840 8729829 8729806 8729788 eve=8729788
8743339 8743305 8743295 8743279 8743272 8743247 8743236 8743225 8743216 8743209 8743171 8743156 8743139 8743115 8743106 8743073 8743057 8743027 8742989 8742958 8742919 8742901 8742856 8742817 8742770 8742750 8742721 8742671 8742613 8742563 8742518 8742506 8742475 8742445 8742399 8742300 8742285 8742241 8742203 8742166 8742097 8742013 8741972 8741902 8741807 8741761 8741696 8741671 8741651 8741626 8741610 8741584 8741560 8741554 8741535 8741519 8741494 8741462 8741420 8741401 8741352 8741341 8741311 8741286 8741239 8741181 8741166 8741125 8741110 8741080 8741022 8740999 8740941 8740928 8740901 8740850 8740821 8740759 8740729 8740645 8740599 8740546 8740470 8740406 8740340 8740306 8740283 8740230 8740207 8740195 8740142 8740121 8740079 8740028 8739956 8739837 8739777 8739740 8739672 8739622 8739574 8739526 8739491 8739439 8739425 8739397 8739345 8739279 8739248 8739219 8739194 8739164 8739123 8739104 8739062 8739040 8739021 8739013 eve=8739013
8747562 8747543 8747525 8747519 8747492 8747468 8747449 8747410 8747307 8747260 8747227 8747189 8747154 8747141 8747087 8746999 8746962 8746848 8746806 8746777 8746763 8746732 8746705 8746688 8746654 8746642 8746610 8746596 8746567 8746550 8746527 8746519 8746498 8746478 8746472 8746454 8746438 8746428 8746405 8746397 8746376 8746354 8746338 8746326 8746309 8746279 8746275 8746256 8746238 8746231 8746224 8746212 8746202 8746185 8746168 8746152 8746130 8746102 8746058 8746007 8745976 8745865 8745779 8745729 8745674 8745595 8745558 8745467 8745398 8745322 8745292 8745279 8745232 8745192 8745172 8745095 8745049 8745028 8745010 8744988 8744946 8744932 8744912 8744882 8744871 8744859 8744841 8744825 8744819 8744800 8744790 8744774 8744741 8744730 8744705 8744673 8744652 8744641 8744617 8744597 8744576 8744568 8744560 8744539 8744528 8744499 8744482 8744471 8744457 8744456 eve=8744456
8751909 8751880 8751854 8751833 8751803 8751779 8751749 8751711 8751697 8751677 8751639 8751552 8751480 8751432 8751390 8751348 8751317 8751288 8751217 8751162 8751144 8751118 8751080 8751049 8751025 8750998 8750965 8750946 8750919 8750889 8750861 8750836 8750824 8750797 8750775 8750751 eve=8750751
8762804 8762756 8762723 8762682 8762669 8762650 8762626 8762612 8762588 8762555 8762518 8762503 8762448 8762435 8762428 8762411 8762382 8762363 8762313 8762295 8762228 8762194 8762179 8762151 8762140 8762136 eve=8762136
8765384 8765322 8765293 8765234 8765106 8765047 8764980 8764867 8764825 8764776 8764721 8764669 8764624 8764558 8764476 8764420 8764350 8764305 8764280 eve=8764280
8772388 8772352 8772293 8772267 8772126 8772086 8772055 8772042 8772002 8771926 8771824 8771674 8771594 8771543 8771482 8771449 8771401 8771373 8771319 8771294 8771238 8771207 8771176 8771155 8771124 8771094 8771074 8771060 8771016 8770994 8770946 8770918 8770869 8770856 8770823 8770774 8770768 8770752 8770736 8770719 8770709 8770694 8770624 8770599 8770562 8770547 8770509 8770492 8770458 8770445 8770423 8770417 8770402 8770370 8770359 8770339 8770304 8770291 8770247 8770225 8770200 8770187 8770141 8770114 8770102 8770082 8770035 8770010 8769986 8769945 8769925 8769905 8769892 8769871 8769854 8769818 8769784 8769748 8769741 8769710 8769686 8769632 8769554 8769526 8769481 8769471 8769416 8769399 8769341 8769304 8769279 8769254 8769207 8769191 8769151 8769125 8769095 8769079 8769049 8769041 8769023 8769016 eve=8769016
8774768 8774742 8774703 8774653 8774615 8774566 8774553 8774530 8774497 8774480 8774461 8774443 8774414 8774378 8774348 8774318 8774271 8774236 8774200 8774181 8774159 8774121 8774100 8774084 8774049 8773979 8773943 8773928 8773891 8773855 8773818 8773788 8773734 8773684 8773624 8773600 8773557 8773517 8773461 8773424 8773383 8773337 8773253 8773123 8773041 8773006 8772974 8772898 8772862 8772808 8772784 8772773 8772754 8772727 8772709 8772691 8772679 8772661 8772641 8772611 8772602 8772571 8772562 8772543 8772510 8772482 8772456 8772438 8772388 8772352 8772293 8772267 8772126 8772086 8772055 8772042 8772002 8771926 8771824 8771674 8771594 8771543 8771482 8771449 8771401 8771373 8771319 8771294 8771238 8771207 8771176 8771155 8771124 8771094 8771074 8771060 8771016 8770994 8770946 8770918 8770869 8770856 8770823 8770774 8770768 8770752 8770736 8770719 8770709 8770694 8770624 8770599 8770562 8770547 8770509 8770492 8770458 8770445 8770423 8770417 8770402 8770370 8770359 8770339 8770304 8770291 8770247 8770225 8770200 8770187 8770141 8770114 8770102 8770082 8770035 8770010 8769986 8769945 8769925 8769905 8769892 8769871 8769854 8769818 8769784 8769748 8769741 8769710 8769686 8769632 8769554 8769526 8769481 8769471 8769416 8769399 8769341 8769304 8769279 8769254 8769207 8769191 8769151 8769125 8769095 8769079 8769049 8769041 8769023 8769016 eve=8769016
8804235 8804106 8804053 8804002 8803967 8803890 8803845 8803822 eve=8803822
8813801 8813740 8813692 8813652 8813586 8813550 8813490 8813464 8813396 8813368 8813333 8813298 8813279 8813238 8813196 8813164 8813137 8813124 8813103 8813071 8813037 8812996 8812955 8812927 8812896 8812860 8812765 8812727 8812688 8812669 8812662 8812636 8812624 8812621 8812601 8812582 8812552 8812537 8812527 8812513 8812482 8812481 eve=8812481
8839322 8839292 8839262 8839234 8839189 8839142 8839117 8839090 8839057 8839047 8839026 8838991 8838973 8838965 8838952 8838919 8838908 8838876 8838844 8838815 8838800 8838798 eve=8838798
8855345 8855320 8855302 8855266 8855227 8855217 eve=8855217
8858507 8858475 8858454 8858432 8858401 8858366 8858337 8858305 8858288 8858274 8858231 8858222 8858212 8858203 8858194 8858183 8858170 8858160 8858145 8858138 8858115 8858094 eve=8858094
8862825 eve=8862825
8865095 8865064 8865046 8865034 8864989 8864935 8864908 8864860 8864819 8864691 8864673 8864593 8864537 8864407 8864359 8864326 8864285 8864250 8864218 8864171 8864139 8864121 8864041 8863976 8863938 8863899 8863864 8863838 8863815 8863806 8863782 8863754 8863727 8863712 8863695 8863676 8863663 8863651 8863641 8863625 8863616 8863611 8863603 8863593 8863580 8863547 8863538 8863512 8863486 8863453 8863431 8863381 8863342 8863265 8863231 8863212 8863197 8863155 8863122 8863093 8863037 8863015 8862925 8862867 8862827 8862826 eve=8862826
8865635 8865616 8865582 8865548 8865538 8865517 8865502 8865488 8865471 8865466 8865456 8865443 8865430 8865415 8865405 8865374 8865349 8865324 8865299 8865287 8865261 8865237 8865209 8865179 8865146 8865097 8865067 8865041 8865015 8864958 8864922 8864892 8864784 8864699 8864667 8864646 8864476 8864408 8864363 8864330 8864270 8864220 8864183 8864153 8864124 8864068 8864053 eve=8864053
8867432 8867422 8867410 8867393 8867385 8867376 8867365 8867345 8867333 8867325 8867308 8867295 8867270 8867261 8867246 8867231 8867204 8867170 8867108 8867087 8867069 8867034 8867001 8866906 8866848 8866781 8866766 8866701 8866643 8866575 8866508 8866498 8866467 8866384 8866282 8866181 8866145 8866129 8866093 8866068 8865956 8865867 8865821 8865768 8865716 8865685 8865646 8865633 8865610 8865577 8865537 8865517 8865502 8865488 8865471 8865466 8865456 8865443 8865430 8865415 8865405 8865374 8865349 8865324 8865299 8865287 8865261 8865237 8865209 8865179 8865146 8865097 8865067 8865041 8865015 8864958 8864922 8864892 8864784 8864699 8864667 8864646 8864476 8864408 8864363 8864330 8864270 8864220 8864183 8864153 8864124 8864068 8864053 eve=8864053
8873878 8873825 8873797 8873773 8873738 8873699 8873663 8873635 8873604 8873576 8873563 8873546 8873512 8873492 8873479 8873449 8873408 8873371 8873341 8873319 8873283 8873258 8873210 8873193 8873165 8873153 8873138 8873124 8873117 8873108 8873096 8873075 8873058 8873054 8873047 8873027 8873000 8872982 8872973 8872960 8872950 8872917 8872895 8872838 8872820 8872800 8872768 8872714 8872692 8872679 8872656 8872644 8872554 8872523 8872497 8872450 8872438 8872373 8872340 8872315 8872299 8872275 8872218 8872181 8872159 8872129 8872104 8872067 8872049 8872034 8872016 8871989 8871938 8871886 8871851 8871841 8871828 8871819 8871796 8871785 8871776 8871760 8871729 8871703 8871696 8871692 8871674 8871657 8871642 8871620 8871608 8871588 8871574 8871527 8871508 8871467 8871406 8871390 8871370 8871342 8871291 8871280 8871219 8871180 8871134 8871081 8871060 8871035 8870999 8870972 8870950 8870927 8870906 8870892 8870863 8870809 8870770 8870753 8870723 8870688 8870673 8870663 8870647 8870622 8870608 8870588 8870567 8870555 8870540 8870522 8870502 8870490 8870462 8870444 8870422 8870403 8870394 8870381 8870372 8870369 8870355 8870351 8870341 8870330 8870321 8870305 8870291 8870274 8870244 8870225 8870190 8870071 8870031 8870020 8869996 8869961 8869920 8869872 8869857 8869831 8869814 8869750 8869732 8869702 8869681 8869637 8869607 8869579 8869556 8869543 8869501 8869451 8869437 8869401 8869372 8869342 eve=8869342
8874789 8874778 8874689 8874669 8874657 8874632 8874608 8874595 8874591 8874581 8874568 8874559 8874553 8874526 8874491 8874466 8874450 8874440 8874401 8874379 8874347 8874328 8874314 8874294 8874250 8874161 8874117 8874080 8874047 8873999 8873968 8873930 8873916 8873866 8873822 8873797 8873773 8873738 8873699 8873663 8873635 8873604 8873576 8873563 8873546 8873512 8873492 8873479 8873449 8873408 8873371 8873341 8873319 8873283 8873258 8873210 8873193 8873165 8873153 8873138 8873124 8873117 8873108 8873096 8873075 8873058 8873054 8873047 8873027 8873000 8872982 8872973 8872960 8872950 8872917 8872895 8872838 8872820 8872800 8872768 8872714 8872692 8872679 8872656 8872644 8872554 8872523 8872497 8872450 8872438 8872373 8872340 8872315 8872299 8872275 8872218 8872181 8872159 8872129 8872104 8872067 8872049 8872034 8872016 8871989 8871938 8871886 8871851 8871841 8871828 8871819 8871796 8871785 8871776 8871760 8871729 8871703 8871696 8871692 8871674 8871657 8871642 8871620 8871608 8871588 8871574 8871527 8871508 8871467 8871406 8871390 8871370 8871342 8871291 8871280 8871219 8871180 8871134 8871081 8871060 8871035 8870999 8870972 8870950 8870927 8870906 8870892 8870863 8870809 8870770 8870753 8870723 8870688 8870673 8870663 8870647 8870622 8870608 8870588 8870567 8870555 8870540 8870522 8870502 8870490 8870462 8870444 8870422 8870403 8870394 8870381 8870372 8870369 8870355 8870351 8870341 8870330 8870321 8870305 8870291 8870274 8870244 8870225 8870190 8870071 8870031 8870020 8869996 8869961 8869920 8869872 8869857 8869831 8869814 8869750 8869732 8869702 8869681 8869637 8869607 8869579 8869556 8869543 8869501 8869451 8869437 8869401 8869372 8869342 eve=8869342
8876704 8876692 8876679 8876649 8876610 8876596 8876577 8876531 8876490 8876446 8876402 8876385 8876363 8876339 8876305 8876284 8876245 8876218 8876174 8876161 8876147 8876112 8876090 8876068 8876048 8876005 8875983 8875970 8875941 8875923 8875910 8875872 8875863 8875821 8875806 8875754 8875740 8875706 8875688 8875666 8875606 8875508 8875469 8875463 8875375 8875317 8875291 8875234 8875200 8875160 8875139 8875097 8875066 8875035 8874998 8874972 8874943 8874910 8874897 8874886 8874817 8874789 8874778 8874689 8874669 8874657 8874632 8874608 8874595 8874591 8874581 8874568 8874559 8874553 8874526 8874491 8874466 8874450 8874440 8874401 8874379 8874347 8874328 8874314 8874294 8874250 8874161 8874117 8874080 8874047 8873999 8873968 8873930 8873916 8873866 8873822 8873797 8873773 8873738 8873699 8873663 8873635 8873604 8873576 8873563 8873546 8873512 8873492 8873479 8873449 8873408 8873371 8873341 8873319 8873283 8873258 8873210 8873193 8873165 8873153 8873138 8873124 8873117 8873108 8873096 8873075 8873058 8873054 8873047 8873027 8873000 8872982 8872973 8872960 8872950 8872917 8872895 8872838 8872820 8872800 8872768 8872714 8872692 8872679 8872656 8872644 8872554 8872523 8872497 8872450 8872438 8872373 8872340 8872315 8872299 8872275 8872218 8872181 8872159 8872129 8872104 8872067 8872049 8872034 8872016 8871989 8871938 8871886 8871851 8871841 8871828 8871819 8871796 8871785 8871776 8871760 8871729 8871703 8871696 8871692 8871674 8871657 8871642 8871620 8871608 8871588 8871574 8871527 8871508 8871467 8871406 8871390 8871370 8871342 8871291 8871280 8871219 8871180 8871134 8871081 8871060 8871035 8870999 8870972 8870950 8870927 8870906 8870892 8870863 8870809 8870770 8870753 8870723 8870688 8870673 8870663 8870647 8870622 8870608 8870588 8870567 8870555 8870540 8870522 8870502 8870490 8870462 8870444 8870422 8870403 8870394 8870381 8870372 8870369 8870355 8870351 8870341 8870330 8870321 8870305 8870291 8870274 8870244 8870225 8870190 8870071 8870031 8870020 8869996 8869961 8869920 8869872 8869857 8869831 8869814 8869750 8869732 8869702 8869681 8869637 8869607 8869579 8869556 8869543 8869501 8869451 8869437 8869401 8869372 8869342 eve=8869342
8878363 8878334 8878291 8878271 8878251 8878201 8878160 8878132 8878123 8878092 8878078 8878061 8878052 8878042 8878036 8878026 8878006 8877980 8877959 8877958 eve=8877958
8888112 8888098 8888075 8888047 8887989 8887961 8887946 8887937 8887927 8887898 8887885 8887872 8887862 8887856 8887840 8887825 8887819 8887812 8887790 8887781 8887775 8887761 8887750 8887733 8887726 8887708 8887696 8887672 8887646 8887619 8887607 8887586 8887553 8887531 8887511 8887493 8887473 8887438 8887407 8887370 8887330 8887299 8887258 8887222 8887166 8887117 8887094 8887043 8887000 8886948 8886911 8886879 8886843 8886774 8886710 8886680 8886658 8886557 8886531 8886479 8886436 8886425 8886410 8886383 8886359 8886344 8886330 8886295 8886281 8886271 8886261 8886254 8886236 8886226 8886214 8886203 8886193 8886157 8886129 8886112 8886086 8886068 8886058 8886001 8885978 8885947 8885911 8885884 8885851 8885827 8885796 8885728 8885694 8885653 8885624 8885594 8885559 8885548 8885509 8885494 8885476 8885404 8885381 8885348 8885293 8885262 8885207 8885186 8885163 8885138 8885100 8885070 8885047 8885032 8884969 8884931 8884885 8884877 8884862 8884819 8884794 8884779 8884744 8884734 8884713 8884697 8884685 8884674 8884667 8884661 8884632 8884614 8884600 8884587 8884580 8884560 8884543 8884531 8884522 8884483 8884442 8884401 8884363 8884344 8884318 8884247 8884203 8884193 8884177 8884158 8884146 8884082 8884037 8884003 8883984 8883963 8883931 8883900 8883881 8883859 8883835 8883797 8883781 8883721 8883709 8883698 8883668 8883650 8883612 8883572 8883561 8883553 8883531 8883513 8883486 8883463 8883431 8883408 8883390 8883382 8883375 8883357 8883336 8883315 8883301 8883278 8883252 8883232 8883190 8883169 8883155 8883142 8883132 8883118 8883105 8883080 8883047 8883030 8883016 8883002 8882999 8882947 8882914 8882867 8882844 8882764 8882734 8882693 8882673 8882665 8882618 8882591 8882561 8882514 8882463 8882434 8882407 8882368 8882348 8882319 8882279 8882259 8882230 8882189 8882174 8882163 8882149 8882137 8882129 8882107 8882085 8882067 8882017 8881990 8881969 8881956 8881949 8881945 8881928 8881905 8881886 8881873 8881865 8881848 8881822 8881805 8881775 8881766 8881751 8881690 8881659 8881634 8881615 8881600 8881577 8881544 8881504 8881486 8881479 8881443 8881427 8881387 8881346 8881316 8881278 8881268 8881234 8881208 8881183 8881163 8881153 8881127 8881119 8881100 8881056 8881040 8881014 8880997 8880992 8880969 8880954 8880931 8880905 8880885 8880872 8880865 8880854 8880832 8880823 8880808 8880797 8880780 8880752 8880722 8880679 8880620 8880605 8880518 8880509 8880477 8880456 8880432 8880378 8880345 8880327 8880276 8880245 8880227 8880216 8880178 8880090 8880068 8880050 8880023 8879998 8879967 8879943 8879885 8879837 8879811 8879776 8879759 8879740 8879697 8879679 8879645 8879608 8879584 8879567 8879485 8879476 8879447 8879423 8879372 8879310 8879277 8879264 8879242 8879235 8879219 8879214 8879189 8879174 8879159 8879145 8879137 8879121 8879102 8879092 8879085 8879063 8879035 8879008 8878972 8878926 8878910 8878887 8878854 8878832 8878818 8878764 8878722 8878695 8878650 8878610 8878561 8878518 8878478 8878427 8878389 8878382 8878370 8878328 8878296 8878275 8878260 8878232 8878206 8878161 8878148 8878124 8878104 8878091 8878087 8878064 8878055 8878046 8878035 8878015 8877999 8877974 8877955 8877944 8877930 8877907 8877898 8877865 8877815 8877781 8877758 8877734 8877711 8877652 8877618 8877586 8877535 8877485 8877456 eve=8877456
8891137 8891098 8891065 8891017 8890975 8890937 8890900 8890873 8890855 8890804 8890777 8890739 8890727 8890703 8890673 8890635 8890619 8890601 8890577 8890560 8890541 8890524 8890511 8890495 8890475 8890458 8890451 8890437 8890423 8890404 8890388 8890369 8890341 8890319 8890313 eve=8890313
8891292 8891288 8891276 8891270 8891246 8891233 8891206 8891138 8891111 8891042 8890997 8890957 8890922 8890909 8890893 8890865 8890837 8890800 8890774 8890747 8890730 8890705 8890686 8890631 8890622 8890604 8890567 8890540 8890521 8890515 8890505 8890494 8890487 8890466 8890449 8890440 8890416 8890402 8890374 8890355 8890332 8890316 8890307 8890280 8890264 8890240 8890224 8890218 8890206 8890196 8890193 8890191 8890179 8890176 8890169 8890136 8890120 8890047 8890024 8890006 8889995 8889969 8889909 8889861 8889828 8889774 8889724 8889660 8889609 8889586 8889575 8889550 8889518 8889484 8889467 8889421 8889392 8889377 8889348 8889337 8889323 8889299 8889279 8889270 8889235 8889220 8889193 8889173 8889141 8889123 8889098 8889091 8889078 8889070 8889051 8889027 8889012 8888991 8888984 8888966 8888954 8888938 8888928 8888909 8888886 8888875 8888864 8888835 8888804 8888761 8888706 8888682 8888646 8888621 8888593 8888547 8888506 8888492 8888442 8888426 8888390 8888371 8888351 8888330 8888299 8888281 8888253 8888225 8888195 8888125 8888112 8888098 8888075 8888047 8887989 8887961 8887946 8887937 8887927 8887898 8887885 8887872 8887862 8887856 8887840 8887825 8887819 8887812 8887790 8887781 8887775 8887761 8887750 8887733 8887726 8887708 8887696 8887672 8887646 8887619 8887607 8887586 8887553 8887531 8887511 8887493 8887473 8887438 8887407 8887370 8887330 8887299 8887258 8887222 8887166 8887117 8887094 8887043 8887000 8886948 8886911 8886879 8886843 8886774 8886710 8886680 8886658 8886557 8886531 8886479 8886436 8886425 8886410 8886383 8886359 8886344 8886330 8886295 8886281 8886271 8886261 8886254 8886236 8886226 8886214 8886203 8886193 8886157 8886129 8886112 8886086 8886068 8886058 8886001 8885978 8885947 8885911 8885884 8885851 8885827 8885796 8885728 8885694 8885653 8885624 8885594 8885559 8885548 8885509 8885494 8885476 8885404 8885381 8885348 8885293 8885262 8885207 8885186 8885163 8885138 8885100 8885070 8885047 8885032 8884969 8884931 8884885 8884877 8884862 8884819 8884794 8884779 8884744 8884734 8884713 8884697 8884685 8884674 8884667 8884661 8884632 8884614 8884600 8884587 8884580 8884560 8884543 8884531 8884522 8884483 8884442 8884401 8884363 8884344 8884318 8884247 8884203 8884193 8884177 8884158 8884146 8884082 8884037 8884003 8883984 8883963 8883931 8883900 8883881 8883859 8883835 8883797 8883781 8883721 8883709 8883698 8883668 8883650 8883612 8883572 8883561 8883553 8883531 8883513 8883486 8883463 8883431 8883408 8883390 8883382 8883375 8883357 8883336 8883315 8883301 8883278 8883252 8883232 8883190 8883169 8883155 8883142 8883132 8883118 8883105 8883080 8883047 8883030 8883016 8883002 8882999 8882947 8882914 8882867 8882844 8882764 8882734 8882693 8882673 8882665 8882618 8882591 8882561 8882514 8882463 8882434 8882407 8882368 8882348 8882319 8882279 8882259 8882230 8882189 8882174 8882163 8882149 8882137 8882129 8882107 8882085 8882067 8882017 8881990 8881969 8881956 8881949 8881945 8881928 8881905 8881886 8881873 8881865 8881848 8881822 8881805 8881775 8881766 8881751 8881690 8881659 8881634 8881615 8881600 8881577 8881544 8881504 8881486 8881479 8881443 8881427 8881387 8881346 8881316 8881278 8881268 8881234 8881208 8881183 8881163 8881153 8881127 8881119 8881100 8881056 8881040 8881014 8880997 8880992 8880969 8880954 8880931 8880905 8880885 8880872 8880865 8880854 8880832 8880823 8880808 8880797 8880780 8880752 8880722 8880679 8880620 8880605 8880518 8880509 8880477 8880456 8880432 8880378 8880345 8880327 8880276 8880245 8880227 8880216 8880178 8880090 8880068 8880050 8880023 8879998 8879967 8879943 8879885 8879837 8879811 8879776 8879759 8879740 8879697 8879679 8879645 8879608 8879584 8879567 8879485 8879476 8879447 8879423 8879372 8879310 8879277 8879264 8879242 8879235 8879219 8879214 8879189 8879174 8879159 8879145 8879137 8879121 8879102 8879092 8879085 8879063 8879035 8879008 8878972 8878926 8878910 8878887 8878854 8878832 8878818 8878764 8878722 8878695 8878650 8878610 8878561 8878518 8878478 8878427 8878389 8878382 8878370 8878328 8878296 8878275 8878260 8878232 8878206 8878161 8878148 8878124 8878104 8878091 8878087 8878064 8878055 8878046 8878035 8878015 8877999 8877974 8877955 8877944 8877930 8877907 8877898 8877865 8877815 8877781 8877758 8877734 8877711 8877652 8877618 8877586 8877535 8877485 8877456 eve=8877456
8891304 8891289 8891275 8891262 8891248 8891242 8891227 8891164 8891135 8891098 8891065 8891017 8890975 8890937 8890900 8890873 8890855 8890804 8890777 8890739 8890727 8890703 8890673 8890635 8890619 8890601 8890577 8890560 8890541 8890524 8890511 8890495 8890475 8890458 8890451 8890437 8890423 8890404 8890388 8890369 8890341 8890319 8890313 eve=8890313
8893297 8893280 8893240 8893189 8893148 8893124 8893093 8893031 8893004 8892967 8892950 8892930 8892910 8892896 8892871 8892858 8892832 8892804 8892780 8892762 8892743 8892719 8892700 8892693 8892673 8892651 8892637 8892622 8892599 8892590 8892585 8892580 8892565 8892550 8892535 8892528 8892522 8892507 8892492 8892481 8892464 8892457 8892452 8892445 8892433 8892422 8892392 8892372 8892339 8892276 8892233 8892204 8892182 8892133 8892063 8892035 8892016 8891963 8891933 8891896 8891861 8891839 8891833 8891813 8891799 8891786 8891769 8891732 8891692 8891682 8891662 8891640 8891607 8891586 8891579 8891539 8891522 8891501 8891478 8891465 eve=8891465
8893309 8893285 8893240 8893189 8893148 8893124 8893093 8893031 8893004 8892967 8892950 8892930 8892910 8892896 8892871 8892858 8892832 8892804 8892780 8892762 8892743 8892719 8892700 8892693 8892673 8892651 8892637 8892622 8892599 8892590 8892585 8892580 8892565 8892550 8892535 8892528 8892522 8892507 8892492 8892481 8892464 8892457 8892452 8892445 8892433 8892422 8892392 8892372 8892339 8892276 8892233 8892204 8892182 8892133 8892063 8892035 8892016 8891963 8891933 8891896 8891861 8891839 8891833 8891813 8891799 8891786 8891769 8891732 8891692 8891682 8891662 8891640 8891607 8891586 8891579 8891539 8891522 8891501 8891478 8891465 eve=8891465
8893336 8893297 8893280 8893240 8893189 8893148 8893124 8893093 8893031 8893004 8892967 8892950 8892930 8892910 8892896 8892871 8892858 8892832 8892804 8892780 8892762 8892743 8892719 8892700 8892693 8892673 8892651 8892637 8892622 8892599 8892590 8892585 8892580 8892565 8892550 8892535 8892528 8892522 8892507 8892492 8892481 8892464 8892457 8892452 8892445 8892433 8892422 8892392 8892372 8892339 8892276 8892233 8892204 8892182 8892133 8892063 8892035 8892016 8891963 8891933 8891896 8891861 8891839 8891833 8891813 8891799 8891786 8891769 8891732 8891692 8891682 8891662 8891640 8891607 8891586 8891579 8891539 8891522 8891501 8891478 8891465 eve=8891465
8893341 8893280 8893240 8893189 8893148 8893124 8893093 8893031 8893004 8892967 8892950 8892930 8892910 8892896 8892871 8892858 8892832 8892804 8892780 8892762 8892743 8892719 8892700 8892693 8892673 8892651 8892637 8892622 8892599 8892590 8892585 8892580 8892565 8892550 8892535 8892528 8892522 8892507 8892492 8892481 8892464 8892457 8892452 8892445 8892433 8892422 8892392 8892372 8892339 8892276 8892233 8892204 8892182 8892133 8892063 8892035 8892016 8891963 8891933 8891896 8891861 8891839 8891833 8891813 8891799 8891786 8891769 8891732 8891692 8891682 8891662 8891640 8891607 8891586 8891579 8891539 8891522 8891501 8891478 8891465 eve=8891465
8893344 8893309 8893285 8893240 8893189 8893148 8893124 8893093 8893031 8893004 8892967 8892950 8892930 8892910 8892896 8892871 8892858 8892832 8892804 8892780 8892762 8892743 8892719 8892700 8892693 8892673 8892651 8892637 8892622 8892599 8892590 8892585 8892580 8892565 8892550 8892535 8892528 8892522 8892507 8892492 8892481 8892464 8892457 8892452 8892445 8892433 8892422 8892392 8892372 8892339 8892276 8892233 8892204 8892182 8892133 8892063 8892035 8892016 8891963 8891933 8891896 8891861 8891839 8891833 8891813 8891799 8891786 8891769 8891732 8891692 8891682 8891662 8891640 8891607 8891586 8891579 8891539 8891522 8891501 8891478 8891465 eve=8891465
8893354 8893286 8893259 8893203 8893143 8893123 8893084 8893052 8893017 8892982 8892954 8892936 8892909 8892893 8892878 8892859 8892847 eve=8892847
8893355 8893288 8893261 8893211 8893153 8893123 8893084 8893052 8893017 8892982 8892954 8892936 8892909 8892893 8892878 8892859 8892847 eve=8892847
8893357 8893309 8893285 8893240 8893189 8893148 8893124 8893093 8893031 8893004 8892967 8892950 8892930 8892910 8892896 8892871 8892858 8892832 8892804 8892780 8892762 8892743 8892719 8892700 8892693 8892673 8892651 8892637 8892622 8892599 8892590 8892585 8892580 8892565 8892550 8892535 8892528 8892522 8892507 8892492 8892481 8892464 8892457 8892452 8892445 8892433 8892422 8892392 8892372 8892339 8892276 8892233 8892204 8892182 8892133 8892063 8892035 8892016 8891963 8891933 8891896 8891861 8891839 8891833 8891813 8891799 8891786 8891769 8891732 8891692 8891682 8891662 8891640 8891607 8891586 8891579 8891539 8891522 8891501 8891478 8891465 eve=8891465
8893358 8893288 8893261 8893211 8893153 8893123 8893084 8893052 8893017 8892982 8892954 8892936 8892909 8892893 8892878 8892859 8892847 eve=8892847
8893359 8893286 8893259 8893203 8893143 8893123 8893084 8893052 8893017 8892982 8892954 8892936 8892909 8892893 8892878 8892859 8892847 eve=8892847
8893360 eve=8893360
8893361 eve=8893361
8893363 8893309 8893285 8893240 8893189 8893148 8893124 8893093 8893031 8893004 8892967 8892950 8892930 8892910 8892896 8892871 8892858 8892832 8892804 8892780 8892762 8892743 8892719 8892700 8892693 8892673 8892651 8892637 8892622 8892599 8892590 8892585 8892580 8892565 8892550 8892535 8892528 8892522 8892507 8892492 8892481 8892464 8892457 8892452 8892445 8892433 8892422 8892392 8892372 8892339 8892276 8892233 8892204 8892182 8892133 8892063 8892035 8892016 8891963 8891933 8891896 8891861 8891839 8891833 8891813 8891799 8891786 8891769 8891732 8891692 8891682 8891662 8891640 8891607 8891586 8891579 8891539 8891522 8891501 8891478 8891465 eve=8891465
8893368 8893361 eve=8893361
8893370 8893336 8893297 8893280 8893240 8893189 8893148 8893124 8893093 8893031 8893004 8892967 8892950 8892930 8892910 8892896 8892871 8892858 8892832 8892804 8892780 8892762 8892743 8892719 8892700 8892693 8892673 8892651 8892637 8892622 8892599 8892590 8892585 8892580 8892565 8892550 8892535 8892528 8892522 8892507 8892492 8892481 8892464 8892457 8892452 8892445 8892433 8892422 8892392 8892372 8892339 8892276 8892233 8892204 8892182 8892133 8892063 8892035 8892016 8891963 8891933 8891896 8891861 8891839 8891833 8891813 8891799 8891786 8891769 8891732 8891692 8891682 8891662 8891640 8891607 8891586 8891579 8891539 8891522 8891501 8891478 8891465 eve=8891465
8893371 8893354 8893286 8893259 8893203 8893143 8893123 8893084 8893052 8893017 8892982 8892954 8892936 8892909 8892893 8892878 8892859 8892847 eve=8892847
8893372 8893354 8893286 8893259 8893203 8893143 8893123 8893084 8893052 8893017 8892982 8892954 8892936 8892909 8892893 8892878 8892859 8892847 eve=8892847
8893373 8893309 8893285 8893240 8893189 8893148 8893124 8893093 8893031 8893004 8892967 8892950 8892930 8892910 8892896 8892871 8892858 8892832 8892804 8892780 8892762 8892743 8892719 8892700 8892693 8892673 8892651 8892637 8892622 8892599 8892590 8892585 8892580 8892565 8892550 8892535 8892528 8892522 8892507 8892492 8892481 8892464 8892457 8892452 8892445 8892433 8892422 8892392 8892372 8892339 8892276 8892233 8892204 8892182 8892133 8892063 8892035 8892016 8891963 8891933 8891896 8891861 8891839 8891833 8891813 8891799 8891786 8891769 8891732 8891692 8891682 8891662 8891640 8891607 8891586 8891579 8891539 8891522 8891501 8891478 8891465 eve=8891465
8893374 8893336 8893297 8893280 8893240 8893189 8893148 8893124 8893093 8893031 8893004 8892967 8892950 8892930 8892910 8892896 8892871 8892858 8892832 8892804 8892780 8892762 8892743 8892719 8892700 8892693 8892673 8892651 8892637 8892622 8892599 8892590 8892585 8892580 8892565 8892550 8892535 8892528 8892522 8892507 8892492 8892481 8892464 8892457 8892452 8892445 8892433 8892422 8892392 8892372 8892339 8892276 8892233 8892204 8892182 8892133 8892063 8892035 8892016 8891963 8891933 8891896 8891861 8891839 8891833 8891813 8891799 8891786 8891769 8891732 8891692 8891682 8891662 8891640 8891607 8891586 8891579 8891539 8891522 8891501 8891478 8891465 eve=8891465
8893375 8893336 8893297 8893280 8893240 8893189 8893148 8893124 8893093 8893031 8893004 8892967 8892950 8892930 8892910 8892896 8892871 8892858 8892832 8892804 8892780 8892762 8892743 8892719 8892700 8892693 8892673 8892651 8892637 8892622 8892599 8892590 8892585 8892580 8892565 8892550 8892535 8892528 8892522 8892507 8892492 8892481 8892464 8892457 8892452 8892445 8892433 8892422 8892392 8892372 8892339 8892276 8892233 8892204 8892182 8892133 8892063 8892035 8892016 8891963 8891933 8891896 8891861 8891839 8891833 8891813 8891799 8891786 8891769 8891732 8891692 8891682 8891662 8891640 8891607 8891586 8891579 8891539 8891522 8891501 8891478 8891465 eve=8891465
8893376 8893360 eve=8893360
8893377 8893336 8893297 8893280 8893240 8893189 8893148 8893124 8893093 8893031 8893004 8892967 8892950 8892930 8892910 8892896 8892871 8892858 8892832 8892804 8892780 8892762 8892743 8892719 8892700 8892693 8892673 8892651 8892637 8892622 8892599 8892590 8892585 8892580 8892565 8892550 8892535 8892528 8892522 8892507 8892492 8892481 8892464 8892457 8892452 8892445 8892433 8892422 8892392 8892372 8892339 8892276 8892233 8892204 8892182 8892133 8892063 8892035 8892016 8891963 8891933 8891896 8891861 8891839 8891833 8891813 8891799 8891786 8891769 8891732 8891692 8891682 8891662 8891640 8891607 8891586 8891579 8891539 8891522 8891501 8891478 8891465 eve=8891465
8893378 8893359 8893286 8893259 8893203 8893143 8893123 8893084 8893052 8893017 8892982 8892954 8892936 8892909 8892893 8892878 8892859 8892847 eve=8892847
8893379 8893357 8893309 8893285 8893240 8893189 8893148 8893124 8893093 8893031 8893004 8892967 8892950 8892930 8892910 8892896 8892871 8892858 8892832 8892804 8892780 8892762 8892743 8892719 8892700 8892693 8892673 8892651 8892637 8892622 8892599 8892590 8892585 8892580 8892565 8892550 8892535 8892528 8892522 8892507 8892492 8892481 8892464 8892457 8892452 8892445 8892433 8892422 8892392 8892372 8892339 8892276 8892233 8892204 8892182 8892133 8892063 8892035 8892016 8891963 8891933 8891896 8891861 8891839 8891833 8891813 8891799 8891786 8891769 8891732 8891692 8891682 8891662 8891640 8891607 8891586 8891579 8891539 8891522 8891501 8891478 8891465 eve=8891465
8893380 eve=8893380
8893383 8893360 eve=8893360
8893384 8893358 8893288 8893261 8893211 8893153 8893123 8893084 8893052 8893017 8892982 8892954 8892936 8892909 8892893 8892878 8892859 8892847 eve=8892847
8893385 8893363 8893309 8893285 8893240 8893189 8893148 8893124 8893093 8893031 8893004 8892967 8892950 8892930 8892910 8892896 8892871 8892858 8892832 8892804 8892780 8892762 8892743 8892719 8892700 8892693 8892673 8892651 8892637 8892622 8892599 8892590 8892585 8892580 8892565 8892550 8892535 8892528 8892522 8892507 8892492 8892481 8892464 8892457 8892452 8892445 8892433 8892422 8892392 8892372 8892339 8892276 8892233 8892204 8892182 8892133 8892063 8892035 8892016 8891963 8891933 8891896 8891861 8891839 8891833 8891813 8891799 8891786 8891769 8891732 8891692 8891682 8891662 8891640 8891607 8891586 8891579 8891539 8891522 8891501 8891478 8891465 eve=8891465
8893387 8893361 eve=8893361
8893388 8893357 8893309 8893285 8893240 8893189 8893148 8893124 8893093 8893031 8893004 8892967 8892950 8892930 8892910 8892896 8892871 8892858 8892832 8892804 8892780 8892762 8892743 8892719 8892700 8892693 8892673 8892651 8892637 8892622 8892599 8892590 8892585 8892580 8892565 8892550 8892535 8892528 8892522 8892507 8892492 8892481 8892464 8892457 8892452 8892445 8892433 8892422 8892392 8892372 8892339 8892276 8892233 8892204 8892182 8892133 8892063 8892035 8892016 8891963 8891933 8891896 8891861 8891839 8891833 8891813 8891799 8891786 8891769 8891732 8891692 8891682 8891662 8891640 8891607 8891586 8891579 8891539 8891522 8891501 8891478 8891465 eve=8891465
8893389 8893368 8893361 eve=8893361
8893390 8893368 8893361 eve=8893361
8893391 8893363 8893309 8893285 8893240 8893189 8893148 8893124 8893093 8893031 8893004 8892967 8892950 8892930 8892910 8892896 8892871 8892858 8892832 8892804 8892780 8892762 8892743 8892719 8892700 8892693 8892673 8892651 8892637 8892622 8892599 8892590 8892585 8892580 8892565 8892550 8892535 8892528 8892522 8892507 8892492 8892481 8892464 8892457 8892452 8892445 8892433 8892422 8892392 8892372 8892339 8892276 8892233 8892204 8892182 8892133 8892063 8892035 8892016 8891963 8891933 8891896 8891861 8891839 8891833 8891813 8891799 8891786 8891769 8891732 8891692 8891682 8891662 8891640 8891607 8891586 8891579 8891539 8891522 8891501 8891478 8891465 eve=8891465
8893392 8893361 eve=8893361
8893393 8893357 8893309 8893285 8893240 8893189 8893148 8893124 8893093 8893031 8893004 8892967 8892950 8892930 8892910 8892896 8892871 8892858 8892832 8892804 8892780 8892762 8892743 8892719 8892700 8892693 8892673 8892651 8892637 8892622 8892599 8892590 8892585 8892580 8892565 8892550 8892535 8892528 8892522 8892507 8892492 8892481 8892464 8892457 8892452 8892445 8892433 8892422 8892392 8892372 8892339 8892276 8892233 8892204 8892182 8892133 8892063 8892035 8892016 8891963 8891933 8891896 8891861 8891839 8891833 8891813 8891799 8891786 8891769 8891732 8891692 8891682 8891662 8891640 8891607 8891586 8891579 8891539 8891522 8891501 8891478 8891465 eve=8891465
8893394 8893357 8893309 8893285 8893240 8893189 8893148 8893124 8893093 8893031 8893004 8892967 8892950 8892930 8892910 8892896 8892871 8892858 8892832 8892804 8892780 8892762 8892743 8892719 8892700 8892693 8892673 8892651 8892637 8892622 8892599 8892590 8892585 8892580 8892565 8892550 8892535 8892528 8892522 8892507 8892492 8892481 8892464 8892457 8892452 8892445 8892433 8892422 8892392 8892372 8892339 8892276 8892233 8892204 8892182 8892133 8892063 8892035 8892016 8891963 8891933 8891896 8891861 8891839 8891833 8891813 8891799 8891786 8891769 8891732 8891692 8891682 8891662 8891640 8891607 8891586 8891579 8891539 8891522 8891501 8891478 8891465 eve=8891465
8893395 8893361 eve=8893361
8893396 8893336 8893297 8893280 8893240 8893189 8893148 8893124 8893093 8893031 8893004 8892967 8892950 8892930 8892910 8892896 8892871 8892858 8892832 8892804 8892780 8892762 8892743 8892719 8892700 8892693 8892673 8892651 8892637 8892622 8892599 8892590 8892585 8892580 8892565 8892550 8892535 8892528 8892522 8892507 8892492 8892481 8892464 8892457 8892452 8892445 8892433 8892422 8892392 8892372 8892339 8892276 8892233 8892204 8892182 8892133 8892063 8892035 8892016 8891963 8891933 8891896 8891861 8891839 8891833 8891813 8891799 8891786 8891769 8891732 8891692 8891682 8891662 8891640 8891607 8891586 8891579 8891539 8891522 8891501 8891478 8891465 eve=8891465
8893398 8893368 8893361 eve=8893361
8893402 8893363 8893309 8893285 8893240 8893189 8893148 8893124 8893093 8893031 8893004 8892967 8892950 8892930 8892910 8892896 8892871 8892858 8892832 8892804 8892780 8892762 8892743 8892719 8892700 8892693 8892673 8892651 8892637 8892622 8892599 8892590 8892585 8892580 8892565 8892550 8892535 8892528 8892522 8892507 8892492 8892481 8892464 8892457 8892452 8892445 8892433 8892422 8892392 8892372 8892339 8892276 8892233 8892204 8892182 8892133 8892063 8892035 8892016 8891963 8891933 8891896 8891861 8891839 8891833 8891813 8891799 8891786 8891769 8891732 8891692 8891682 8891662 8891640 8891607 8891586 8891579 8891539 8891522 8891501 8891478 8891465 eve=8891465
8893403 8893336 8893297 8893280 8893240 8893189 8893148 8893124 8893093 8893031 8893004 8892967 8892950 8892930 8892910 8892896 8892871 8892858 8892832 8892804 8892780 8892762 8892743 8892719 8892700 8892693 8892673 8892651 8892637 8892622 8892599 8892590 8892585 8892580 8892565 8892550 8892535 8892528 8892522 8892507 8892492 8892481 8892464 8892457 8892452 8892445 8892433 8892422 8892392 8892372 8892339 8892276 8892233 8892204 8892182 8892133 8892063 8892035 8892016 8891963 8891933 8891896 8891861 8891839 8891833 8891813 8891799 8891786 8891769 8891732 8891692 8891682 8891662 8891640 8891607 8891586 8891579 8891539 8891522 8891501 8891478 8891465 eve=8891465
8893404 eve=8893404
#
Got length 1479 message
NM
8734199 CAADEN PUNTER
8736700 KONRAD LOVE
8737317 POONAM PUNTER
8739015 MY PUNTER
8740399 GINGER PUNTER
8743339 HOPEMARIE PRIME
8747562 NAOMI WOLF
8751909 BANA WAYNE
8762804 TYWIN HOPE
8765384 BALMORE BIRCH
8772388 CALIOPE LOVE
8774768 JASONA LOVE
8804235 LEO NEU
8813801 BERLON TROLL
8839322 WINTER DARLING
8855345 EMILY LOCKHEART
8858507 HERA MOMENT
8862825 EVE PEACH
8865095 SOHAILA PEACH
8865635 RYAN TRYON
8867432 DAISUKE TRYON
8873878 POPPY CAT
8874789 FRIDA CAT
8876704 VICTORIA CAT
8878363 DEVON LAVENDER
8888112 GLINDA THE
8891137 DICKIE FROSTICK
8891292 SARAH THE
8891304 ARAIZA FROSTICK
8893297 PERCILLA ATUATASI
8893309 DEBORAH ATUATASI
8893336 AWESOME ATUATASI
8893341 JOSH ATUATASI
8893344 MURDOCK ATUATASI
8893354 ANTHEA ASLAN
8893355 BANDAR ASLAN
8893357 ELISE ATUATASI
8893358 JEMA ASLAN
8893359 CLEODA ASLAN
8893360 EVE AA
8893361 EVE UNNASCH
8893363 ROSE ATUATASI
8893368 PINK UNNASCH
8893370 MARIA ATUATASI
8893371 BITHA ASLAN
8893372 KOBEE ASLAN
8893373 JUDON ATUATASI
8893374 PATIENCE ATUATASI
8893375 LILY ATUATASI
8893376 FIRYAL
8893377 LOLA ATUATASI
8893378 LEE ASLAN
8893379 ELENA ATUATASI
8893383 SECORA
8893384 JONAS ASLAN
8893385 GELA ATUATASI
8893387 STARDUST UNNASCH
8893388 SIENNA ATUATASI
8893389 ANDROMEDA UNNASCH
8893390 ADAM UNNASCH
8893391 JAMIE ATUATASI
8893392 ETHER UNNASCH
8893393 SIMON ATUATASI
8893394 LEO ATUATASI
8893395 AURORA UNNASCH
8893396 OKAN ATUATASI
8893398 GRANDERSON UNNASCH
8893402 ANNIE ATUATASI
8893403 SUZI ATUATASI
#
Got length 4 message
CS
1
Got length 1217 message
FW
8734199 -1 -1
8736700 8740399 6
8737317 -1 -1
8739015 -1 -1
8740399 -1 -1
8743339 -1 -1
8747562 -1 -1
8751909 -1 -1
8762804 -1 -1
8765384 8743339 5
8772388 -1 -1
8774768 8813801 1
8804235 8743339 5
8813801 8739015 12
8839322 -1 -1
8855345 -1 -1
8858507 8862825 1
8862825 -1 -1
8865095 8737317 7
8865635 -1 -1
8867432 -1 -1
8873878 8865095 5
8874789 8739015 12
8876704 8736700 8
8878363 -1 -1
8888112 8862825 1
8891137 -1 -1
8891292 -1 -1
8891304 -1 -1
8893297 8893309 16
8893309 -1 -1
8893336 8893309 16
8893341 8893309 16
8893344 8893309 16
8893354 8893359 6
8893355 8893359 6
8893357 8893309 16
8893358 8893359 6
8893359 -1 -1
8893360 -1 -1
8893361 -1 -1
8893363 8893309 16
8893368 8893361 11
8893370 8893309 16
8893371 8893359 6
8893372 8893359 6
8893373 8893309 16
8893374 8893309 16
8893375 8893309 16
8893376 8893360 13
8893377 8893309 16
8893378 8893359 6
8893379 8893309 16
8893380 -1 -1
8893383 8893360 13
8893384 8893359 6
8893385 8893309 16
8893387 8893361 11
8893388 8893309 16
8893389 8893361 11
8893390 8893361 11
8893391 8893309 16
8893392 8893361 11
8893393 8893309 16
8893394 8893309 16
8893395 8893361 11
8893396 8893309 16
8893398 8893361 11
8893402 8893309 16
8893403 8893309 16
8893404 -1 -1
#
Got length 57 message
EX
8734199 -1
8734199 8739015
8743339 -1
8743339 8765384

Got length 416 message
WR
8729788 8739013 war
8729788 8750751 war
8729788 8769016 peace
8729788 8812481 war
8729788 8838798 war
8729788 8862826 war
8729788 8864053 war
8729788 8869342 peace
8731557 8739013 war
8739013 8744456 peace
8739013 8764280 war
8739013 8769016 peace
8739013 8803822 war
8764280 8803822 war
8838798 8864053 war
8858094 8862826 war
8862825 8862826 war
8862825 8877456 peace
8862826 8877456 peace
8864053 8869342 war
#
Got length 3 message
BB

Got length 235 message
GH
8734199
8736700
8737317
8739015
8740399
8743339
8747562
8751909
8762804
8765384
8772388
8774768
8804235
8813801
8839322
8855345
8858507
8862825
8865095
8865635
8867432
8873878
8874789
8876704
8878363
8888112
8891137
8891292
8891304

Got length 620 message
PE
8734199 39 -2
8734199 23 -2
8736700 23 -2
8736700 39 -2
8736700 25 -2
8736700 17 -2
8736700 24 -2
8736700 22 -2
8737317 39 -2
8739015 39 -2
8740399 39 -2
8743339 39 -2
8747562 39 -2
8751909 39 -2
8751909 17 -2
8751909 24 -2
8751909 23 -2
8751909 22 -2
8751909 25 -2
8751909 26 -2
8762804 39 -2
8765384 39 -2
8772388 39 -2
8772388 22 -2
8772388 23 -2
8772388 26 -2
8774768 39 -2
8804235 39 -2
8813801 39 -2
8839322 39 -2
8855345 39 -2
8858507 39 -2
8862825 39 -2
8865095 39 -2
8865635 39 -2
8867432 39 -2
8873878 39 -2
8874789 39 -2
8876704 39 -2
8878363 39 -2
8888112 39 -2
8891137 39 -2
8891292 39 -2
8891304 39 -2
#
Got length 13 message
PE
8893371 1

Got length 25 message
FX
18 18 0 0 3.75 -1 0 0

Our food = 18/18
Got length 4 message
CX
0
First map load done
2436/2436 sprites loaded
Starting music at age 14.002683
Got length 13 message
PE
8893393 3

Got length 14 message
PE
8893377 37

Frame rate = 54.083289 frames/second
Got length 18 message
HX
0.43 21.32 0.00
clickDestX,Y = 1, 1,  mapX,Y = 33, 33, curX,Y = 0, 0
DestID = 0
Path found in 0.000000 ms
Sending message to server: MOVE 0 0 @2 1 1#
fixed speed = 0.062500
Got length 33 message
PM
8893404 0 0 0.377 0.376 0 1 1

Frame rate = 60.024005 frames/second
clickDestX,Y = 2, 0,  mapX,Y = 34, 32, curX,Y = 1, 1
DestID = 0
Path found in 0.000000 ms
Sending message to server: MOVE 1 1 @3 1 -1#
fixed speed = 0.062500
Got length 34 message
PM
8893404 1 1 0.418 0.418 0 1 -1

Got length 14 message
PE
8893341 13

clickDestX,Y = 3, 0,  mapX,Y = 35, 32, curX,Y = 2, 0
DestID = 0
Path found in 0.000000 ms
Sending message to server: MOVE 2 0 @4 1 0#
fixed speed = 0.062500
Got length 33 message
PM
8893404 2 0 0.342 0.342 0 1 0

clickDestX,Y = 2, -1,  mapX,Y = 34, 31, curX,Y = 3, 0
DestID = 0
Path found in 0.000000 ms
Sending message to server: MOVE 2 0 @5 0 -1#
fixed speed = 0.062500
Got length 34 message
PM
8893404 2 0 0.287 0.287 0 0 -1

clickDestX,Y = 2, -2,  mapX,Y = 34, 30, curX,Y = 2, -1
DestID = 0
Path found in 0.000000 ms
Sending message to server: MOVE 2 -1 @6 0 -1#
fixed speed = 0.062500
Got length 35 message
PM
8893404 2 -1 0.357 0.357 0 0 -1

clickDestX,Y = 2, -3,  mapX,Y = 34, 29, curX,Y = 2, -2
DestID = 0
Path found in 0.000000 ms
Sending message to server: MOVE 2 -2 @7 0 -1#
fixed speed = 0.062500
Got length 35 message
PM
8893404 2 -2 0.329 0.328 0 0 -1

clickDestX,Y = 2, -4,  mapX,Y = 34, 28, curX,Y = 2, -3
DestID = 0
Path found in 0.000000 ms
Sending message to server: MOVE 2 -3 @8 0 -1#
fixed speed = 0.062500
Got length 35 message
PM
8893404 2 -3 0.333 0.332 0 0 -1

clickDestX,Y = 3, -5,  mapX,Y = 35, 27, curX,Y = 2, -4
DestID = 0
Path found in 0.000000 ms
Sending message to server: MOVE 2 -4 @9 1 -1#
fixed speed = 0.062500
Got length 35 message
PM
8893404 2 -4 0.415 0.414 0 1 -1

Frame rate = 59.952039 frames/second
clickDestX,Y = 2, -4,  mapX,Y = 34, 28, curX,Y = 3, -5
DestID = 0
Path not found in 0.000000 ms
Path not found in 0.000000 ms
Sending message to server: MOVE 3 -4 @10 -1 0#
fixed speed = 0.062500
Got length 18 message
HX
0.37 18.78 0.00
Sending message to server: FLIP 1 -4#
clickDestX,Y = 1, -4,  mapX,Y = 33, 28, curX,Y = 2, -4
DestID = 0
Path found in 0.000000 ms
Sending message to server: MOVE 2 -4 @11 -1 0#
fixed speed = 0.062500
Got length 89 message
PU
8893404 353 0 0 0 0 0 0 0 0 -1 0.37 10 0 2 -4 14.07 60.00 3.75 0;0;0;0;0;0 0 0 -1 0 0

PLAYER_UPDATE with heldOrVal=0, heldOrx=0, heldOry=0, pX=2, pY=-4, heldTransSrcID=-1, holdingString=0
Got length 13 message
FL
8893404 1

Got length 35 message
PM
8893404 2 -4 0.458 0.458 0 -1 0

Playing 0 pending received messages for 8893404
Reached dest (1,-4) -0.117333 seconds early
Got length 89 message
PU
8893404 353 0 0 0 0 0 0 0 0 -1 0.37 11 0 1 -4 14.08 60.00 3.75 0;0;0;0;0;0 0 0 -1 0 0

PLAYER_UPDATE with heldOrVal=0, heldOrx=0, heldOry=0, pX=1, pY=-4, heldTransSrcID=-1, holdingString=0
clickDestX,Y = 2, -4,  mapX,Y = 34, 28, curX,Y = 1, -4
DestID = 0
Path found in 0.000000 ms
Sending message to server: MOVE 1 -4 @12 1 0#
fixed speed = 0.062500
Got length 34 message
PM
8893404 1 -4 0.267 0.267 0 1 0

clickDestX,Y = 3, -4,  mapX,Y = 35, 28, curX,Y = 2, -4
DestID = 0
Path found in 0.000000 ms
Sending message to server: MOVE 2 -4 @13 1 0#
fixed speed = 0.062500
Got length 38 message
PM
8893404 1 -4 0.401 0.401 0 1 0 2 0

clickDestX,Y = 3, -5,  mapX,Y = 35, 27, curX,Y = 3, -4
DestID = 0
Path found in 0.000000 ms
Sending message to server: MOVE 2 -4 @14 1 -1#
fixed speed = 0.062500
Got length 35 message
PM
8893404 2 -4 0.392 0.391 0 1 -1

clickDestX,Y = 3, -5,  mapX,Y = 35, 27, curX,Y = 3, -5
DestID = 0
clickDestX,Y = 2, -6,  mapX,Y = 34, 26, curX,Y = 3, -5
DestID = 0
Path found in 0.000000 ms
Sending message to server: MOVE 3 -5 @15 -1 -1#
fixed speed = 0.062500
Got length 40 message
PM
8893404 2 -4 0.579 0.578 0 1 -1 0 -2

Got length 14 message
PE
8893388 13

Frame rate = 60.024014 frames/second
clickDestX,Y = 2, -7,  mapX,Y = 34, 25, curX,Y = 2, -6
DestID = 0
Path found in 0.000000 ms
Sending message to server: MOVE 2 -6 @16 0 -1#
fixed speed = 0.062500
Got length 42 message
PM
8893404 3 -5 0.629 0.629 0 -1 -1 -1 -2

clickDestX,Y = 1, -8,  mapX,Y = 33, 24, curX,Y = 2, -7
DestID = 0
Path found in 0.000000 ms
Sending message to server: MOVE 2 -7 @17 -1 -1#
fixed speed = 0.062500
Got length 18 message
HX
0.31 16.43 0.00
Got length 25 message
MC
32 8 -15 -23
1594 189

Got map chunk with bin size 1594, compressed size 189
Got length 22 message
MC
1 22 16 -15
134 42

Got map chunk with bin size 134, compressed size 42
Got length 41 message
PM
8893404 2 -6 0.672 0.672 0 0 -1 -1 -2

clickDestX,Y = 1, -8,  mapX,Y = 17, 28, curX,Y = 1, -8
DestID = 0
clickDestX,Y = 2, -9,  mapX,Y = 18, 27, curX,Y = 1, -8
DestID = 0
Path found in 0.000000 ms
Sending message to server: MOVE 1 -8 @18 1 -1#
fixed speed = 0.062500
Sending message to server: FLIP 3 -9#
Got length 41 message
PM
8893404 2 -7 0.773 0.772 0 -1 -1 0 -2

Got length 13 message
FL
8893404 0

clickDestX,Y = 2, -10,  mapX,Y = 18, 26, curX,Y = 2, -9
DestID = 0
Path found in 0.000000 ms
Sending message to server: MOVE 2 -9 @19 0 -1#
fixed speed = 0.062500
Got length 40 message
PM
8893404 1 -8 0.653 0.653 0 1 -1 1 -2

clickDestX,Y = 1, -11,  mapX,Y = 17, 25, curX,Y = 2, -10
DestID = 0
Path found in 0.000000 ms
Sending message to server: MOVE 2 -10 @20 -1 -1#
fixed speed = 0.062500
Got length 41 message
PM
8893404 2 -9 0.734 0.733 0 0 -1 -1 -2

clickDestX,Y = 1, -11,  mapX,Y = 17, 25, curX,Y = 1, -11
DestID = 0
clickDestX,Y = 2, -12,  mapX,Y = 18, 24, curX,Y = 1, -11
DestID = 0
Path found in 0.000000 ms
Sending message to server: MOVE 1 -11 @21 1 -1#
fixed speed = 0.062500
Got length 42 message
PM
8893404 2 -10 0.743 0.743 0 -1 -1 0 -2

Frame rate = 60.024005 frames/second
clickDestX,Y = 1, -13,  mapX,Y = 17, 23, curX,Y = 2, -12
DestID = 0
Path found in 1.000166 ms
Sending message to server: MOVE 2 -12 @22 -1 -1#
fixed speed = 0.062500
Got length 41 message
PM
8893404 1 -11 0.758 0.758 0 1 -1 0 -2

clickDestX,Y = 2, -14,  mapX,Y = 18, 22, curX,Y = 1, -13
DestID = 0
Path found in 0.000000 ms
Sending message to server: MOVE 1 -13 @23 1 -1#
fixed speed = 0.062500
Got length 14 message
PE
8893309 13

Got length 42 message
PM
8893404 2 -12 0.766 0.766 0 -1 -1 0 -2

Got length 18 message
HX
0.26 14.29 0.00
clickDestX,Y = 2, -15,  mapX,Y = 18, 21, curX,Y = 2, -14
DestID = 0
Path found in 0.000000 ms
Sending message to server: MOVE 2 -14 @24 0 -1#
fixed speed = 0.062500
Got length 41 message
PM
8893404 1 -13 0.650 0.650 0 1 -1 1 -2

clickDestX,Y = 2, -16,  mapX,Y = 18, 20, curX,Y = 2, -15
DestID = 0
Path found in 0.000000 ms
Sending message to server: MOVE 2 -15 @25 0 -1#
fixed speed = 0.062500
Got length 25 message
MC
32 8 -14 -31
1626 224

Got map chunk with bin size 1626, compressed size 224
Got length 22 message
MC
1 22 17 -23
135 48

Got map chunk with bin size 135, compressed size 48
Got length 41 message
PM
8893404 2 -14 0.623 0.623 0 0 -1 0 -2

Got length 94 message
MX
4 -31 0 1435 -1 8 -31 4.000000
8 -31 0 0 -1
10 -30 0 5864 -1 10 -28 4.000000
10 -28 0 0 -1

New placement, responsible=-1
clickDestX,Y = 2, -17,  mapX,Y = 17, 27, curX,Y = 2, -16
DestID = 0
Path found in 0.000000 ms
Sending message to server: MOVE 2 -16 @26 0 -1#
fixed speed = 0.062500
Got length 41 message
PM
8893404 2 -15 0.571 0.571 0 0 -1 0 -2

clickDestX,Y = 2, -18,  mapX,Y = 17, 26, curX,Y = 2, -17
DestID = 0
Path found in 0.000000 ms
Sending message to server: MOVE 2 -17 @27 0 -1#
fixed speed = 0.062500
Got length 41 message
PM
8893404 2 -16 0.553 0.552 0 0 -1 0 -2

Frame rate = 59.952039 frames/second
Got length 13 message
PE
8893371 1

clickDestX,Y = 1, -19,  mapX,Y = 16, 25, curX,Y = 2, -18
DestID = 0
Path found in 0.000000 ms
Sending message to server: MOVE 2 -18 @28 -1 -1#
fixed speed = 0.062500
Sending message to server: FLIP 0 -19#
Got length 42 message
PM
8893404 2 -17 0.650 0.649 0 0 -1 -1 -2

Got length 13 message
FL
8893404 1

clickDestX,Y = 1, -19,  mapX,Y = 16, 25, curX,Y = 1, -19
DestID = 0
Got length 13 message
PE
8893393 3

clickDestX,Y = 2, -20,  mapX,Y = 17, 24, curX,Y = 1, -19
DestID = 0
Path found in 0.000000 ms
Sending message to server: MOVE 1 -19 @29 1 -1#
fixed speed = 0.062500
Got length 13 message
PE
8893393 3

Got length 89 message
PU
8893404 353 0 0 0 0 0 0 0 0 -1 0.26 0 0 2 -18 14.16 60.00 3.75 0;0;0;0;0;0 0 0 -1 0 0

PLAYER_UPDATE with heldOrVal=0, heldOrx=0, heldOry=0, pX=2, pY=-18, heldTransSrcID=-1, holdingString=0
Got length 42 message
PM
8893404 2 -18 0.675 0.671 0 -1 -1 0 -2

Got length 18 message
MX
-10 -5 0 51 -1

New placement, responsible=-1
Got length 14 message
PE
8893377 37

clickDestX,Y = 2, -21,  mapX,Y = 17, 23, curX,Y = 2, -20
DestID = 0
Path found in 0.000000 ms
Sending message to server: MOVE 2 -20 @30 0 -1#
fixed speed = 0.062500
Got length 41 message
PM
8893404 1 -19 0.652 0.652 0 1 -1 1 -2

Got length 18 message
HX
0.21 12.41 0.00
clickDestX,Y = 2, -22,  mapX,Y = 17, 22, curX,Y = 2, -21
DestID = 0
Path found in 0.000000 ms
Sending message to server: MOVE 2 -21 @31 0 -1#
fixed speed = 0.062500
Got length 41 message
PM
8893404 2 -20 0.624 0.624 0 0 -1 0 -2

clickDestX,Y = 2, -23,  mapX,Y = 17, 21, curX,Y = 2, -22
DestID = 0
Path found in 0.000000 ms
Sending message to server: MOVE 2 -22 @32 0 -1#
fixed speed = 0.062500
Got length 41 message
PM
8893404 2 -21 0.570 0.570 0 0 -1 0 -2

clickDestX,Y = 2, -24,  mapX,Y = 17, 20, curX,Y = 2, -23
DestID = 0
Path found in 0.000000 ms
Sending message to server: MOVE 2 -23 @33 0 -1#
fixed speed = 0.062500
Got length 25 message
MC
32 8 -14 -39
1616 216

Got map chunk with bin size 1616, compressed size 216
Got length 41 message
PM
8893404 2 -22 0.552 0.552 0 0 -1 0 -2

Frame rate = 60.024014 frames/second
clickDestX,Y = 2, -25,  mapX,Y = 32, 42, curX,Y = 2, -24
DestID = 0
Path found in 0.000000 ms
Sending message to server: MOVE 2 -24 @34 0 -1#
fixed speed = 0.062500
Got length 41 message
PM
8893404 2 -23 0.542 0.542 0 0 -1 0 -2

clickDestX,Y = 2, -26,  mapX,Y = 32, 41, curX,Y = 2, -25
DestID = 0
Path found in 0.000000 ms
Sending message to server: MOVE 2 -25 @35 0 -1#
fixed speed = 0.062500
Got length 41 message
PM
8893404 2 -24 0.537 0.537 0 0 -1 0 -2

Sending message to server: FLIP 3 -26#
Got length 13 message
FL
8893404 0

clickDestX,Y = 2, -27,  mapX,Y = 32, 40, curX,Y = 2, -26
DestID = 0
Path found in 0.000000 ms
Sending message to server: MOVE 2 -26 @36 0 -1#
fixed speed = 0.062500
Got length 14 message
PE
8893341 13

Got length 41 message
PM
8893404 2 -25 0.536 0.536 0 0 -1 0 -2

Got length 107 message
MX
4 -36 0 1435 -1 4 -31 4.000000
4 -31 0 0 -1
13 -27 0 5864 -1 10 -30 4.000000
10 -30 0 0 -1
11 0 0 51 -1

New placement, responsible=-1
New placement, responsible=-1
Got length 16 message
PE
8893402 30 5

clickDestX,Y = 2, -28,  mapX,Y = 32, 39, curX,Y = 2, -27
DestID = 0
Path found in 0.000000 ms
Sending message to server: MOVE 2 -27 @37 0 -1#
fixed speed = 0.062500
Got length 41 message
PM
8893404 2 -26 0.534 0.534 0 0 -1 0 -2

clickDestX,Y = 2, -29,  mapX,Y = 32, 38, curX,Y = 2, -28
DestID = 0
Path found in 0.000000 ms
Sending message to server: MOVE 2 -28 @38 0 -1#
fixed speed = 0.062500
Got length 41 message
PM
8893404 2 -27 0.528 0.528 0 0 -1 0 -2

clickDestX,Y = 4, -35,  mapX,Y = 34, 32, curX,Y = 2, -29
DestID = 2174
Path found in 0.000000 ms
Path found in 0.000000 ms
Sending message to server: MOVE 2 -28 @39 1 -1 2 -2 2 -3 2 -4 2 -5 2 -6 2 -7#
fixed speed = 0.060193
Got length 18 message
HX
0.17 10.82 0.00
Got length 26 message
MC
32 11 -12 -50
2228 277

Got map chunk with bin size 2228, compressed size 277
Got length 22 message
MC
2 19 18 -39
243 67

Got map chunk with bin size 243, compressed size 67
Got length 89 message
PU
8893404 353 0 0 0 0 0 0 0 0 -1 0.17 0 0 2 -28 14.20 60.00 3.75 0;0;0;0;0;0 0 0 -1 0 0

PLAYER_UPDATE with heldOrVal=0, heldOrx=0, heldOry=0, pX=2, pY=-28, heldTransSrcID=-1, holdingString=0
Got length 66 message
PM
8893404 2 -28 2.167 2.167 0 1 -1 2 -2 2 -3 2 -4 2 -5 2 -6 2 -7

clickDestX,Y = 2, -30,  mapX,Y = 15, 32, curX,Y = 4, -35
DestID = 0
Path found in 0.000000 ms
Sending message to server: MOVE 2 -28 @40 0 -1 0 -2#
fixed speed = 0.062500
clickDestX,Y = 4, -37,  mapX,Y = 17, 25, curX,Y = 2, -30
DestID = 0
Path found in 0.000000 ms
Sending message to server: MOVE 2 -29 @41 1 -1 2 -2 2 -3 2 -4 2 -5 2 -6 2 -7 2 -8#
fixed speed = 0.060446
Got length 41 message
PM
8893404 2 -28 0.457 0.455 0 0 -1 0 -2

Frame rate = 59.488400 frames/second
Got length 76 message
PM
8893404 2 -28 2.581 2.581 0 0 -1 1 -2 2 -3 2 -4 2 -5 2 -6 2 -7 2 -8 2 -9

clickDestX,Y = 3, -30,  mapX,Y = 16, 32, curX,Y = 4, -37
DestID = 0
Path found in 0.000000 ms
Sending message to server: MOVE 2 -29 @42 1 -1#
fixed speed = 0.062500
Got length 41 message
PM
8893404 2 -28 0.578 0.578 0 0 -1 1 -2

clickDestX,Y = 0, -39,  mapX,Y = 13, 23, curX,Y = 3, -30
DestID = 0
Path found in 0.000000 ms
Sending message to server: MOVE 2 -29 @43 -1 -1 -2 -2 -2 -3 -2 -4 -2 -5 -2 -6 -2 -7 -2 -8 -2 -9 -2 -10#
fixed speed = 0.060815
Got length 65 message
MX
13 -28 0 166 -1
-9 -43 0 418 -1 -9 -48 4.000000
-9 -48 0 0 -1

New placement, responsible=-1
Got length 92 message
PM
8893404 2 -29 2.950 2.948 0 -1 -1 -2 -2 -2 -3 -2 -4 -2 -5 -2 -6 -2 -7 -2 -8 -2 -9 -2 -10

clickDestX,Y = -2, -42,  mapX,Y = 11, 20, curX,Y = 0, -39
DestID = 49
Path found in 0.000000 ms
Path found in 0.000000 ms
Path found in 0.000000 ms
Path found in 0.000000 ms
Path found in 0.000000 ms
Sending message to server: MOVE 2 -29 @44 -1 -1 -2 -2 -3 -3 -4 -4 -4 -5 -5 -6 -4 -7 -4 -8 -4 -9 -4 -10 -4 -11 -4 -12#
fixed speed = 0.057718
Got length 106 message
PM
8893404 2 -29 3.706 3.706 0 -1 -1 -2 -2 -3 -3 -4 -4 -4 -5 -5 -6 -4 -7 -4 -8 -4 -9 -4 -10 -4 -11 -4 -12

Sending message to server: FLIP -3 -41#
clickDestX,Y = 1, -31,  mapX,Y = 14, 31, curX,Y = -2, -41
DestID = 0
Path found in 0.000000 ms
Sending message to server: MOVE 0 -31 @45 1 0#
fixed speed = 0.062500
Got length 13 message
PE
8893402 6

Got length 13 message
FL
8893404 1

clickDestX,Y = 2, -31,  mapX,Y = 15, 31, curX,Y = 1, -31
DestID = 0
Path found in 0.000000 ms
Sending message to server: MOVE 1 -31 @46 1 0#
fixed speed = 0.062500
Got length 35 message
PM
8893404 0 -31 0.190 0.190 0 1 0

Got length 39 message
PM
8893404 0 -31 0.495 0.495 0 1 0 2 0

clickDestX,Y = 3, -30,  mapX,Y = 16, 32, curX,Y = 2, -31
DestID = 0
Path found in 0.000000 ms
Sending message to server: MOVE 2 -31 @47 1 1#
fixed speed = 0.062500
Got length 80 message
MX
9 -36 0 5195 -1 11 -36 4.000000
11 -36 0 0 -1
-7 -45 0 166 -1
1 -45 0 166 -1

New placement, responsible=-1
New placement, responsible=-1
Got length 39 message
PM
8893404 1 -31 0.620 0.620 0 1 0 2 1

clickDestX,Y = 3, -30,  mapX,Y = 16, 32, curX,Y = 3, -30
DestID = 0
clickDestX,Y = 11, -35,  mapX,Y = 24, 27, curX,Y = 3, -30
DestID = 0
Path found in 0.000000 ms
Sending message to server: MOVE 2 -31 @48 1 -1 2 -2 3 -3 4 -4 5 -4 6 -4 7 -4 8 -4 9 -4#
fixed speed = 0.060789
Got length 76 message
PM
8893404 2 -31 2.848 2.848 0 1 -1 2 -2 3 -3 4 -4 5 -4 6 -4 7 -4 8 -4 9 -4

clickDestX,Y = 3, -31,  mapX,Y = 16, 31, curX,Y = 11, -35
DestID = 0
Path found in 0.000000 ms
Sending message to server: MOVE 2 -31 @49 1 0#
fixed speed = 0.062500
clickDestX,Y = 4, -31,  mapX,Y = 17, 31, curX,Y = 3, -31
DestID = 0
Path found in 0.000000 ms
Sending message to server: MOVE 3 -31 @50 1 0#
fixed speed = 0.062500
Got length 35 message
PM
8893404 2 -31 0.234 0.234 0 1 0

Got length 39 message
PM
8893404 2 -31 0.493 0.493 0 1 0 2 0

Frame rate = 59.952039 frames/second
clickDestX,Y = 13, -36,  mapX,Y = 26, 26, curX,Y = 4, -31
DestID = 0
Path found in 0.000000 ms
Sending message to server: MOVE 3 -31 @51 1 -1 2 -2 3 -2 4 -3 5 -4 6 -5 7 -5 8 -5 9 -5 10 -5#
fixed speed = 0.058163
Got length 17 message
HX
0.14 9.54 0.00
Got length 22 message
MC
32 1 -3 -51
206 67

Got map chunk with bin size 206, compressed size 67
Got length 24 message
MC
9 29 20 -50
1623 193

Got map chunk with bin size 1623, compressed size 193
Got length 82 message
PM
8893404 3 -31 3.301 3.301 0 1 -1 2 -2 3 -2 4 -3 5 -4 6 -5 7 -5 8 -5 9 -5 10 -5

Got length 24 message
MC
32 4 -12 -21
795 102

Got map chunk with bin size 795, compressed size 102
Got length 25 message
MC
9 26 -12 -47
1475 198

Got map chunk with bin size 1475, compressed size 198
Got length 23 message
MC
32 4 -3 -51
826 144

Got map chunk with bin size 826, compressed size 144
Got length 24 message
MC
9 26 20 -47
1448 172

Got map chunk with bin size 1448, compressed size 172
clickDestX,Y = 17, -36,  mapX,Y = 25, 30, curX,Y = 13, -36
DestID = 0
Path found in 0.000000 ms
Sending message to server: MOVE 3 -31 @52 1 -1 2 -2 3 -2 4 -3 5 -4 6 -5 7 -5 8 -5 9 -5 10 -5 11 -5 12 -5 13 -5 14 -5#
fixed speed = 0.059186
Got length 24 message
MC
32 4 -12 -21
795 102

Got map chunk with bin size 795, compressed size 102
Got length 25 message
MC
9 26 -12 -47
1475 198

Got map chunk with bin size 1475, compressed size 198
Got length 89 message
PU
8893404 353 0 0 0 0 0 0 0 0 -1 0.14 0 0 3 -31 14.24 60.00 3.75 0;0;0;0;0;0 0 0 -1 0 0

PLAYER_UPDATE with heldOrVal=0, heldOrx=0, heldOry=0, pX=3, pY=-31, heldTransSrcID=-1, holdingString=0
Got length 106 message
PM
8893404 3 -31 4.095 4.095 0 1 -1 2 -2 3 -2 4 -3 5 -4 6 -5 7 -5 8 -5 9 -5 10 -5 11 -5 12 -5 13 -5 14 -5

Got length 22 message
MC
32 4 1 -51
819 137

Got map chunk with bin size 819, compressed size 137
Got length 25 message
MC
13 26 20 -47
2097 229

Got map chunk with bin size 2097, compressed size 229
Got length 187 message
MX
4 -40 0 1435 -1 4 -36 4.000000
4 -36 0 0 -1
13 -24 0 5864 -1 13 -27 4.000000
13 -27 0 0 -1
3 -46 0 5195 -1 -2 -46 4.000000
-2 -46 0 0 -1
23 -51 0 5195 -1 18 -46 4.000000
18 -46 0 0 -1

New placement, responsible=-1
New placement, responsible=-1
Got length 14 message
PE
8893388 13

clickDestX,Y = 5, -32,  mapX,Y = 11, 34, curX,Y = 17, -36
DestID = 0
Path found in 0.000000 ms
Sending message to server: MOVE 4 -32 @53 1 0#
fixed speed = 0.062500
clickDestX,Y = 6, -32,  mapX,Y = 12, 34, curX,Y = 5, -32
DestID = 0
Path found in 0.000000 ms
Sending message to server: MOVE 5 -32 @54 1 0#
fixed speed = 0.062500
Got length 23 message
MC
32 4 -11 -21
795 99

Got map chunk with bin size 795, compressed size 99
Got length 26 message
MC
12 26 -11 -47
1960 244

Got map chunk with bin size 1960, compressed size 244
Got length 35 message
PM
8893404 4 -32 0.202 0.202 0 1 0

Got length 39 message
PM
8893404 4 -32 0.490 0.490 0 1 0 2 0

clickDestX,Y = 7, -32,  mapX,Y = 44, 34, curX,Y = 6, -32
DestID = 0
Path found in 0.000000 ms
Sending message to server: MOVE 6 -32 @55 1 0#
fixed speed = 0.062500
Got length 39 message
PM
8893404 5 -32 0.491 0.491 0 1 0 2 0

Sending message to server: FLIP 8 -32#
Got length 13 message
FL
8893404 0

clickDestX,Y = 8, -32,  mapX,Y = 45, 34, curX,Y = 7, -32
DestID = 0
Path found in 0.000000 ms
Sending message to server: MOVE 7 -32 @56 1 0#
fixed speed = 0.062500
Got length 39 message
PM
8893404 6 -32 0.509 0.509 0 1 0 2 0

clickDestX,Y = 20, -36,  mapX,Y = 57, 30, curX,Y = 8, -32
DestID = 0
Path found in 0.000000 ms
Sending message to server: MOVE 8 -32 @57 1 -1 2 -1 3 -2 4 -3 5 -4 6 -4 7 -4 8 -4 9 -4 10 -4 11 -4 12 -4#
fixed speed = 0.058636
clickDestX,Y = 9, -32,  mapX,Y = 46, 34, curX,Y = 20, -36
DestID = 0
Path found in 0.000000 ms
Sending message to server: MOVE 8 -32 @58 1 0#
fixed speed = 0.062500
Got length 110 message
MX
-2 -41 0 2174 -1 4 -35 4.000000
4 -35 0 0 -1
25 -24 0 166 -1
-8 -43 0 418 -1 -9 -43 4.000000
-9 -43 0 0 -1

New placement, responsible=-1
Got length 22 message
MC
32 4 4 -51
826 143

Got map chunk with bin size 826, compressed size 143
Got length 25 message
MC
15 26 21 -47
2431 261

Got map chunk with bin size 2431, compressed size 261
Got length 89 message
PU
8893404 353 0 0 0 0 0 0 0 0 -1 0.14 0 0 7 -32 14.26 60.00 3.75 0;0;0;0;0;0 0 0 -1 0 0

PLAYER_UPDATE with heldOrVal=0, heldOrx=0, heldOry=0, pX=7, pY=-32, heldTransSrcID=-1, holdingString=0
Got length 99 message
PM
8893404 7 -32 3.880 3.880 0 1 0 2 -1 3 -1 4 -2 5 -3 6 -4 7 -4 8 -4 9 -4 10 -4 11 -4 12 -4 13 -4

Got length 23 message
MC
32 4 -7 -21
797 101

Got map chunk with bin size 797, compressed size 101
Got length 25 message
MC
11 26 -7 -47
1794 237

Got map chunk with bin size 1794, compressed size 237
Got length 39 message
PM
8893404 7 -32 0.516 0.516 0 1 0 2 0

Frame rate = 57.142857 frames/second
clickDestX,Y = 10, -32,  mapX,Y = 44, 34, curX,Y = 9, -32
DestID = 0
Path found in 0.000000 ms
Sending message to server: MOVE 9 -32 @59 1 0#
fixed speed = 0.062500
Got length 39 message
PM
8893404 8 -32 0.525 0.522 0 1 0 2 0

Got length 17 message
HX
0.11 8.57 0.00
clickDestX,Y = 11, -32,  mapX,Y = 45, 34, curX,Y = 10, -32
DestID = 0
Path found in 0.000000 ms
Sending message to server: MOVE 10 -32 @60 1 0#
fixed speed = 0.062500
Got length 39 message
PM
8893404 9 -32 0.514 0.514 0 1 0 2 0

clickDestX,Y = 12, -33,  mapX,Y = 46, 33, curX,Y = 11, -32
DestID = 0
Path found in 0.000000 ms
Sending message to server: MOVE 11 -32 @61 1 -1#
fixed speed = 0.062500
Got length 41 message
PM
8893404 10 -32 0.633 0.633 0 1 0 2 -1

Got length 78 message
MX
-2 -20 0 51 -1
18 -22 0 166 -1
9 -40 0 5194 -1 9 -36 4.000000
9 -36 0 0 -1

New placement, responsible=-1
New placement, responsible=-1
clickDestX,Y = 12, -34,  mapX,Y = 46, 32, curX,Y = 12, -33
DestID = 0
Path found in 0.000000 ms
Sending message to server: MOVE 11 -32 @62 1 -1 1 -2#
fixed speed = 0.055592
Got length 42 message
PM
8893404 11 -32 0.667 0.667 0 1 -1 1 -2

clickDestX,Y = 13, -34,  mapX,Y = 47, 32, curX,Y = 12, -34
DestID = 0
Path found in 0.000000 ms
Sending message to server: MOVE 12 -33 @63 1 -1#
fixed speed = 0.062500
Got length 42 message
PM
8893404 11 -32 0.656 0.656 0 1 -1 2 -2

Got length 14 message
PE
8893309 13

clickDestX,Y = 13, -35,  mapX,Y = 47, 31, curX,Y = 13, -34
DestID = 0
Path found in 0.000000 ms
Sending message to server: MOVE 12 -33 @64 1 -1 1 -2#
fixed speed = 0.055592
clickDestX,Y = 14, -35,  mapX,Y = 48, 31, curX,Y = 13, -35
DestID = 0
Path found in 0.000000 ms
Sending message to server: MOVE 13 -34 @65 1 -1#
fixed speed = 0.062500
Got length 42 message
PM
8893404 12 -33 0.636 0.635 0 1 -1 1 -2

Got length 42 message
PM
8893404 12 -33 0.723 0.723 0 1 -1 2 -2

Frame rate = 59.417712 frames/second
clickDestX,Y = 14, -36,  mapX,Y = 48, 30, curX,Y = 14, -35
DestID = 0
Path found in 0.000000 ms
Sending message to server: MOVE 13 -34 @66 1 -1 1 -2#
fixed speed = 0.055592
clickDestX,Y = 15, -36,  mapX,Y = 49, 30, curX,Y = 14, -36
DestID = 0
Path found in 0.000000 ms
Sending message to server: MOVE 14 -35 @67 1 -1#
fixed speed = 0.062500
Got length 42 message
PM
8893404 13 -34 0.656 0.656 0 1 -1 1 -2

Got length 42 message
PM
8893404 13 -34 0.674 0.671 0 1 -1 2 -2

Got length 216 message
MX
16 -16 0 51 -1
13 -28 0 165 -1
11 -24 0 5864 -1 13 -24 4.000000
13 -24 0 0 -1
0 -36 0 5864 -1 4 -40 4.000000
4 -40 0 0 -1
26 -54 0 5194 -1 23 -51 4.000000
23 -51 0 0 -1
3 -50 0 5194 -1 3 -46 4.000000
3 -46 0 0 -1

New placement, responsible=-1
New placement, responsible=-1
New placement, responsible=-1
New placement, responsible=-1
clickDestX,Y = 16, -37,  mapX,Y = 50, 29, curX,Y = 15, -36
DestID = 0
Path found in 0.000000 ms
Sending message to server: MOVE 15 -36 @68 1 -1#
fixed speed = 0.062500
Got length 42 message
PM
8893404 14 -35 0.788 0.788 0 1 -1 2 -2

Got length 13 message
PE
8893371 1

Got length 17 message
HX
0.10 7.90 0.00
clickDestX,Y = 17, -38,  mapX,Y = 51, 28, curX,Y = 16, -37
DestID = 0
Path found in 0.000000 ms
Sending message to server: MOVE 16 -37 @69 1 -1#
fixed speed = 0.062500
Got length 23 message
MC
32 6 1 -53
1253 214

Got map chunk with bin size 1253, compressed size 214
Got length 24 message
MC
8 24 25 -47
1186 147

Got map chunk with bin size 1186, compressed size 147
Got length 42 message
PM
8893404 15 -36 0.770 0.769 0 1 -1 2 -2

clickDestX,Y = 17, -39,  mapX,Y = 20, 28, curX,Y = 17, -38
DestID = 0
Path found in 0.000000 ms
Sending message to server: MOVE 17 -38 @70 0 -1#
fixed speed = 0.062500
Got length 80 message
MX
-8 -47 0 418 -1 -8 -43 4.000000
-8 -43 0 0 -1
1 -45 0 165 -1
-7 -45 0 165 -1

New placement, responsible=-1
Got length 42 message
PM
8893404 16 -37 0.562 0.558 0 1 -1 1 -2

Got length 14 message
PE
8893377 37

clickDestX,Y = 25, -40,  mapX,Y = 28, 27, curX,Y = 17, -39
DestID = 0
Path found in 0.000000 ms
Sending message to server: MOVE 17 -38 @71 1 0 2 -1 3 -2 4 -2 5 -2 6 -2 7 -2 8 -2#
fixed speed = 0.058523
Got length 21 message
MC
32 2 9 -55
418 94

Got map chunk with bin size 418, compressed size 94
Got length 24 message
MC
8 28 33 -53
1415 186

Got map chunk with bin size 1415, compressed size 186
Got length 90 message
PU
8893404 353 0 0 0 0 0 0 0 0 -1 0.10 0 0 17 -38 14.32 60.00 3.75 0;0;0;0;0;0 0 0 -1 0 0

PLAYER_UPDATE with heldOrVal=0, heldOrx=0, heldOry=0, pX=17, pY=-38, heldTransSrcID=-1, holdingString=0
Got length 71 message
PM
8893404 17 -38 2.467 2.463 0 1 0 2 -1 3 -2 4 -2 5 -2 6 -2 7 -2 8 -2

clickDestX,Y = 27, -42,  mapX,Y = 22, 29, curX,Y = 25, -40
DestID = 0
Path found in 0.000000 ms
Sending message to server: MOVE 17 -38 @72 1 0 2 -1 3 -2 4 -3 5 -4 6 -4 7 -4 8 -4 9 -4 10 -4#
fixed speed = 0.059440
Got length 17 message
PE
8893398 31 30

Got length 82 message
PM
8893404 17 -38 2.948 2.948 0 1 0 2 -1 3 -2 4 -3 5 -4 6 -4 7 -4 8 -4 9 -4 10 -4

Frame rate = 59.347175 frames/second
clickDestX,Y = 32, -43,  mapX,Y = 27, 28, curX,Y = 27, -42
DestID = 0
Path found in 0.000000 ms
Sending message to server: MOVE 18 -38 @73 1 -1 2 -2 3 -3 4 -4 5 -5 6 -5 7 -5 8 -5 9 -5 10 -5 11 -5 12 -5 13 -5 14 -5#
fixed speed = 0.061355
Got length 107 message
PM
8893404 18 -38 4.359 4.359 0 1 -1 2 -2 3 -3 4 -4 5 -5 6 -5 7 -5 8 -5 9 -5 10 -5 11 -5 12 -5 13 -5 14 -5

clickDestX,Y = 36, -44,  mapX,Y = 31, 27, curX,Y = 32, -43
DestID = 0
Path not found in 1.000166 ms
Path found in 0.000000 ms
Sending message to server: MOVE 18 -38 @74 1 -1 2 -2 3 -3 4 -4 5 -5 6 -6 7 -6 8 -6 9 -6 10 -6 11 -6 12 -6 13 -6 14 -6 15 -6#
fixed speed = 0.061446
Got length 23 message
MC
32 4 17 -59
821 143

Got map chunk with bin size 821, compressed size 143
Got length 24 message
MC
8 26 41 -55
1316 179

Got map chunk with bin size 1316, compressed size 179
Got length 90 message
PU
8893404 353 0 0 0 0 0 0 0 0 -1 0.10 0 0 18 -38 14.32 60.00 3.75 0;0;0;0;0;0 0 0 -1 0 0

PLAYER_UPDATE with heldOrVal=0, heldOrx=0, heldOry=0, pX=18, pY=-38, heldTransSrcID=-1, holdingString=0
Got length 113 message
PM
8893404 18 -38 4.517 4.516 0 1 -1 2 -2 3 -3 4 -4 5 -5 6 -6 7 -6 8 -6 9 -6 10 -6 11 -6 12 -6 13 -6 14 -6 15 -6

Got length 23 message
MC
32 5 3 -29
1000 131

Got map chunk with bin size 1000, compressed size 131
Got length 24 message
MC
14 25 3 -54
2237 277

Got map chunk with bin size 2237, compressed size 277
Got length 24 message
MC
32 5 17 -59
1024 162

Got map chunk with bin size 1024, compressed size 162
Got length 25 message
MC
14 25 35 -54
2216 281

Got map chunk with bin size 2216, compressed size 281
clickDestX,Y = 36, -47,  mapX,Y = 26, 27, curX,Y = 33, -44
DestID = 63
Path not found in 0.999928 ms
Path not found in 0.000000 ms
Path not found in 1.000166 ms
Path not found in 0.000000 ms
Path not found in 0.999928 ms
Path found in 0.000000 ms
Sending message to server: MOVE 19 -39 @75 1 -1 2 -2 3 -3 4 -4 5 -5 6 -6 7 -7 8 -7 9 -7 10 -7 11 -7 12 -7 13 -7 14 -7 15 -7#
fixed speed = 0.061470
Got length 47 message
MX
6 -43 0 5193 -1 9 -40 4.000000
9 -40 0 0 -1

Got length 16 message
PE
8893368 28 5

Got length 22 message
MC
32 4 4 -29
801 116

Got map chunk with bin size 801, compressed size 116
Got length 24 message
MC
13 26 4 -55
2159 272

Got map chunk with bin size 2159, compressed size 272
Got length 90 message
PU
8893404 353 0 0 0 0 0 0 0 0 -1 0.10 0 0 19 -39 14.33 60.00 3.75 0;0;0;0;0;0 0 0 -1 0 0

PLAYER_UPDATE with heldOrVal=0, heldOrx=0, heldOry=0, pX=19, pY=-39, heldTransSrcID=-1, holdingString=0
Got length 113 message
PM
8893404 19 -39 4.939 4.939 0 1 -1 2 -2 3 -3 4 -4 5 -5 6 -6 7 -7 8 -7 9 -7 10 -7 11 -7 12 -7 13 -7 14 -7 15 -7

Got length 24 message
MC
32 6 18 -61
1227 189

Got map chunk with bin size 1227, compressed size 189
Got length 25 message
MC
14 24 36 -55
2129 271

Got map chunk with bin size 2129, compressed size 271
Got length 17 message
HX
0.09 7.47 0.00
clickDestX,Y = 48, -52,  mapX,Y = 37, 23, curX,Y = 34, -46
DestID = 211
Path not found in 0.000000 ms
Path not found in 1.999855 ms
Path not found in 0.000000 ms
Path not found in 1.000166 ms
Path not found in 0.000000 ms
Path not found in 0.000000 ms
Path found in 0.000000 ms
Sending message to server: MOVE 20 -40 @76 1 -1 2 -2 3 -3 4 -4 5 -5 6 -6 7 -7 8 -8 9 -9 10 -10 11 -11 12 -12 13 -12 14 -12 15 -12#
fixed speed = 0.061575
Got length 22 message
MC
32 5 5 -31
999 137

Got map chunk with bin size 999, compressed size 137
Got length 24 message
MC
13 25 5 -56
2093 270

Got map chunk with bin size 2093, compressed size 270
Got length 25 message
MC
32 11 16 -67
2221 278

Got map chunk with bin size 2221, compressed size 278
Got length 25 message
MC
11 19 37 -56
1334 206

Got map chunk with bin size 1334, compressed size 206
Got length 90 message
PU
8893404 353 0 0 0 0 0 0 0 0 -1 0.09 0 0 21 -41 14.34 60.00 3.75 0;0;0;0;0;0 0 0 -1 0 0

PLAYER_UPDATE with heldOrVal=0, heldOrx=0, heldOry=0, pX=21, pY=-41, heldTransSrcID=-1, holdingString=0
Got length 116 message
PM
8893404 21 -41 5.328 5.328 0 0 0 1 -1 2 -2 3 -3 4 -4 5 -5 6 -6 7 -7 8 -8 9 -9 10 -10 11 -11 12 -11 13 -11 14 -11

clickDestX,Y = 47, -54,  mapX,Y = 37, 25, curX,Y = 35, -52
DestID = 0
Path not found in 2.000093 ms
Path found in 0.000000 ms
Sending message to server: MOVE 21 -41 @77 1 -1 2 -2 3 -3 4 -4 5 -5 6 -6 7 -7 8 -8 9 -9 10 -10 11 -11 12 -12 13 -13 14 -13 15 -13#
fixed speed = 0.061594
Got length 14 message
PE
8893341 13

Got length 24 message
MC
32 10 6 -37
2027 257

Got map chunk with bin size 2027, compressed size 257
Got length 24 message
MC
10 20 6 -57
1283 169

Got map chunk with bin size 1283, compressed size 169
Got length 90 message
PU
8893404 353 0 0 0 0 0 0 0 0 -1 0.09 0 0 21 -41 14.34 60.00 3.75 0;0;0;0;0;0 0 0 -1 0 0

PLAYER_UPDATE with heldOrVal=0, heldOrx=0, heldOry=0, pX=21, pY=-41, heldTransSrcID=-1, holdingString=0
Got length 119 message
PM
8893404 21 -41 5.436 5.436 0 1 -1 2 -2 3 -3 4 -4 5 -5 6 -6 7 -7 8 -8 9 -9 10 -10 11 -11 12 -12 13 -13 14 -13 15 -13

Got length 25 message
MC
32 12 20 -69
2417 280

Got map chunk with bin size 2417, compressed size 280
Got length 25 message
MC
14 18 38 -57
1607 220

Got map chunk with bin size 1607, compressed size 220
Got length 113 message
MX
8 -50 0 5193 -1 3 -50 4.000000
22 -58 0 5193 -1 26 -54 4.000000
26 -54 0 0 -1
37 -52 0 166 -1
25 -24 0 165 -1

New placement, responsible=-1
New placement, responsible=-1
clickDestX,Y = 44, -58,  mapX,Y = 31, 22, curX,Y = 36, -54
DestID = 0
Path not found in 0.000000 ms
Path found in 0.000000 ms
Sending message to server: MOVE 21 -41 @78 1 -1 2 -2 3 -3 4 -4 5 -5 6 -6 7 -7 8 -8 9 -9 10 -10 11 -11 12 -12 13 -13 14 -14 15 -15 15 -16#
fixed speed = 0.061667
Got length 24 message
MC
32 12 6 -39
2427 287

Got map chunk with bin size 2427, compressed size 287
Got length 24 message
MC
14 18 6 -57
1637 219

Got map chunk with bin size 1637, compressed size 219
Got length 90 message
PU
8893404 353 0 0 0 0 0 0 0 0 -1 0.09 0 0 21 -41 14.34 60.00 3.75 0;0;0;0;0;0 0 0 -1 0 0

PLAYER_UPDATE with heldOrVal=0, heldOrx=0, heldOry=0, pX=21, pY=-41, heldTransSrcID=-1, holdingString=0
Got length 126 message
PM
8893404 21 -41 5.757 5.757 0 1 -1 2 -2 3 -3 4 -4 5 -5 6 -6 7 -7 8 -8 9 -9 10 -10 11 -11 12 -12 13 -13 14 -14 15 -15 15 -16

Got length 25 message
MC
32 15 20 -72
3029 334

Got map chunk with bin size 3029, compressed size 334
Got length 25 message
MC
14 15 38 -57
1341 195

Got map chunk with bin size 1341, compressed size 195
clickDestX,Y = 41, -60,  mapX,Y = 28, 22, curX,Y = 36, -57
DestID = 0
Path not found in 0.000000 ms
clickDestX,Y = 34, -64,  mapX,Y = 21, 18, curX,Y = 36, -57
DestID = 4269
Path not found in 1.000166 ms
Path not found in 0.000000 ms
Path not found in 0.000000 ms
Path not found in 0.000000 ms
Path not found in 0.999928 ms
Path found in 0.000000 ms
Sending message to server: MOVE 22 -42 @79 1 -1 2 -2 3 -3 4 -4 5 -5 6 -6 7 -7 8 -8 9 -9 10 -10 11 -11 12 -12 12 -13 12 -14 12 -15 12 -16#
fixed speed = 0.061619
Got length 24 message
MC
32 14 7 -42
2820 319

Got map chunk with bin size 2820, compressed size 319
Got length 24 message
MC
13 16 7 -58
1369 204

Got map chunk with bin size 1369, compressed size 204
Got length 90 message
PU
8893404 353 0 0 0 0 0 0 0 0 -1 0.09 0 0 22 -42 14.35 60.00 3.75 0;0;0;0;0;0 0 0 -1 0 0

PLAYER_UPDATE with heldOrVal=0, heldOrx=0, heldOry=0, pX=22, pY=-42, heldTransSrcID=-1, holdingString=0
Got length 126 message
PM
8893404 22 -42 5.538 5.538 0 1 -1 2 -2 3 -3 4 -4 5 -5 6 -6 7 -7 8 -8 9 -9 10 -10 11 -11 12 -12 12 -13 12 -14 12 -15 12 -16

Got length 25 message
MC
32 15 18 -73
3028 333

Got map chunk with bin size 3028, compressed size 333
Got length 25 message
MC
11 15 39 -58
1058 161

Got map chunk with bin size 1058, compressed size 161
Frame rate = 49.043654 frames/second
clickDestX,Y = 25, -65,  mapX,Y = 13, 18, curX,Y = 34, -58
DestID = 0
Path not found in 1.000166 ms
Path found in 0.000000 ms
Sending message to server: MOVE 22 -42 @80 1 -1 2 -2 3 -3 3 -4 3 -5 3 -6 3 -7 3 -8 3 -9 3 -10 3 -11 3 -12 3 -13 3 -14 3 -15 3 -16#
fixed speed = 0.061431
Got length 23 message
MC
9 30 9 -73
1758 242

Got map chunk with bin size 1758, compressed size 242
Got length 90 message
PU
8893404 353 0 0 0 0 0 0 0 0 -1 0.09 0 0 22 -42 14.35 60.00 3.75 0;0;0;0;0;0 0 0 -1 0 0

PLAYER_UPDATE with heldOrVal=0, heldOrx=0, heldOry=0, pX=22, pY=-42, heldTransSrcID=-1, holdingString=0
Got length 119 message
PM
8893404 22 -42 4.371 4.371 0 1 -1 2 -2 3 -3 3 -4 3 -5 3 -6 3 -7 3 -8 3 -9 3 -10 3 -11 3 -12 3 -13 3 -14 3 -15 3 -16

Got length 24 message
MC
32 15 7 -43
3017 325

Got map chunk with bin size 3017, compressed size 325
Got length 21 message
MC
2 15 7 -58
193 57

Got map chunk with bin size 193, compressed size 57
Got length 24 message
MC
32 15 9 -73
3044 344

Got map chunk with bin size 3044, compressed size 344
Got length 22 message
MC
2 15 39 -58
196 63

Got map chunk with bin size 196, compressed size 63
clickDestX,Y = 27, -60,  mapX,Y = 19, 23, curX,Y = 25, -58
DestID = 0
Path not found in 0.000000 ms
Path found in 0.000000 ms
Sending message to server: MOVE 23 -43 @81 1 -1 2 -2 3 -3 4 -4 4 -5 4 -6 4 -7 3 -8 4 -9 4 -10 4 -11 4 -12 3 -13 4 -14 4 -15 4 -16#
fixed speed = 0.056371
Got length 112 message
MX
12 -55 0 2156 -1 12 -54 2.000000
12 -54 0 0 -1
23 -67 0 166 -1
9 -60 0 5195 -1 11 -62 4.000000
11 -62 0 0 -1

New placement, responsible=-1
clickDestX,Y = 31, -57,  mapX,Y = 23, 26, curX,Y = 27, -59
DestID = 0
Path found in 0.000000 ms
Sending message to server: MOVE 23 -43 @82 1 -1 2 -2 3 -3 4 -4 5 -5 6 -6 7 -7 8 -8 8 -9 8 -10 8 -11 7 -12 8 -13 8 -14#
fixed speed = 0.058622
Got length 24 message
MC
32 14 8 -43
2813 309

Got map chunk with bin size 2813, compressed size 309
Got length 21 message
MC
1 16 8 -59
103 47

Got map chunk with bin size 103, compressed size 47
Got length 90 message
PU
8893404 353 0 0 0 0 0 0 0 0 -1 0.09 0 0 24 -44 14.36 60.00 3.75 0;0;0;0;0;0 0 0 -1 0 0

PLAYER_UPDATE with heldOrVal=0, heldOrx=0, heldOry=0, pX=24, pY=-44, heldTransSrcID=-1, holdingString=0
Got length 117 message
PM
8893404 24 -44 5.225 5.212 0 0 0 1 -1 2 -2 3 -3 3 -4 3 -5 3 -6 2 -7 3 -8 3 -9 3 -10 3 -11 2 -12 3 -13 3 -14 3 -15

Got length 25 message
MC
32 13 15 -72
2628 310

Got map chunk with bin size 2628, compressed size 310
Got length 23 message
MC
7 17 40 -59
760 131

Got map chunk with bin size 760, compressed size 131
Got length 105 message
PM
8893404 24 -44 4.727 4.727 0 0 0 1 -1 2 -2 3 -3 4 -4 5 -5 6 -6 7 -7 7 -8 7 -9 7 -10 6 -11 7 -12 7 -13

Got length 24 message
MC
32 13 8 -42
2619 306

Got map chunk with bin size 2619, compressed size 306
Got length 22 message
MC
7 17 8 -59
792 133

Got map chunk with bin size 792, compressed size 133
Got length 25 message
MC
32 13 15 -72
2628 310

Got map chunk with bin size 2628, compressed size 310
Got length 23 message
MC
7 17 40 -59
760 131

Got map chunk with bin size 760, compressed size 131
clickDestX,Y = 33, -61,  mapX,Y = 22, 22, curX,Y = 31, -57
DestID = 0
Path not found in 1.000166 ms
Path found in 0.000000 ms
Sending message to server: MOVE 24 -44 @83 1 -1 2 -2 3 -3 4 -4 5 -5 6 -6 7 -7 8 -8 9 -9 9 -10 9 -11 9 -12 9 -13 9 -14 9 -15 9 -16#
fixed speed = 0.061564
Got length 13 message
PE
8893402 6

Got length 24 message
MC
32 12 9 -42
2421 290

Got map chunk with bin size 2421, compressed size 290
Got length 22 message
MC
6 18 9 -60
724 131

Got map chunk with bin size 724, compressed size 131
Got length 90 message
PU
8893404 353 0 0 0 0 0 0 0 0 -1 0.09 0 0 24 -44 14.37 60.00 3.75 0;0;0;0;0;0 0 0 -1 0 0

PLAYER_UPDATE with heldOrVal=0, heldOrx=0, heldOry=0, pX=24, pY=-44, heldTransSrcID=-1, holdingString=0
Got length 119 message
PM
8893404 24 -44 5.261 5.260 0 1 -1 2 -2 3 -3 4 -4 5 -5 6 -6 7 -7 8 -8 9 -9 9 -10 9 -11 9 -12 9 -13 9 -14 9 -15 9 -16

Got length 25 message
MC
32 15 17 -75
3021 328

Got map chunk with bin size 3021, compressed size 328
Got length 23 message
MC
8 15 41 -60
761 123

Got map chunk with bin size 761, compressed size 123
Got length 17 message
HX
0.08 7.21 0.00
clickDestX,Y = 32, -63,  mapX,Y = 19, 22, curX,Y = 33, -60
DestID = 0
Path not found in 0.999928 ms
Path found in 0.000000 ms
Sending message to server: MOVE 24 -44 @84 1 -1 2 -2 3 -3 4 -4 5 -5 6 -6 7 -7 8 -8 8 -9 8 -10 8 -11 8 -12 8 -13 8 -14 8 -15 8 -16#
fixed speed = 0.061544
Got length 24 message
MC
32 15 9 -45
3025 350

Got map chunk with bin size 3025, compressed size 350
Got length 22 message
MC
8 15 9 -60
806 140

Got map chunk with bin size 806, compressed size 140
Got length 90 message
PU
8893404 353 0 0 0 0 0 0 0 0 -1 0.08 0 0 24 -44 14.37 60.00 3.75 0;0;0;0;0;0 0 0 -1 0 0

PLAYER_UPDATE with heldOrVal=0, heldOrx=0, heldOry=0, pX=24, pY=-44, heldTransSrcID=-1, holdingString=0
Got length 119 message
PM
8893404 24 -44 4.886 4.886 0 1 -1 2 -2 3 -3 4 -4 5 -5 6 -6 7 -7 8 -8 8 -9 8 -10 8 -11 8 -12 8 -13 8 -14 8 -15 8 -16

Got length 25 message
MC
32 15 16 -75
3023 330

Got map chunk with bin size 3023, compressed size 330
Got length 23 message
MC
7 15 41 -60
666 116

Got map chunk with bin size 666, compressed size 116
clickDestX,Y = 27, -66,  mapX,Y = 15, 19, curX,Y = 32, -60
DestID = 0
Path not found in 0.000000 ms
Path found in 0.000000 ms
Sending message to server: MOVE 25 -45 @85 1 -1 2 -2 2 -3 2 -4 2 -5 1 -6 2 -7 2 -8 2 -9 2 -10 1 -11 2 -12 2 -13 2 -14 2 -15 2 -16#
fixed speed = 0.056124
Got length 25 message
MC
32 14 10 -45
2826 341

Got map chunk with bin size 2826, compressed size 341
Got length 23 message
MC
6 16 10 -61
647 128

Got map chunk with bin size 647, compressed size 128
Got compressed message header:
CM
344 149


Got length 90 message
PU
8893404 353 0 0 0 0 0 0 0 0 -1 0.08 0 0 25 -45 14.38 60.00 3.75 0;0;0;0;0;0 0 0 -1 0 0

PLAYER_UPDATE with heldOrVal=0, heldOrx=0, heldOry=0, pX=25, pY=-45, heldTransSrcID=-1, holdingString=0
Got length 119 message
PM
8893404 25 -45 5.009 5.006 0 1 -1 2 -2 2 -3 2 -4 2 -5 1 -6 2 -7 2 -8 2 -9 2 -10 1 -11 2 -12 2 -13 2 -14 2 -15 2 -16

Got length 344 message
MX
6 -37 0 5192 -1 6 -43 4.000000
6 -43 0 0 -1
44 -45 0 166 -1
40 -60 0 166 -1
18 -63 0 1435 -1 18 -67 4.000000
18 -67 0 0 -1
13 -64 0 5195 -1 17 -60 4.000000
17 -60 0 0 -1
45 -68 0 1435 -1 48 -71 4.000000
48 -71 0 0 -1
40 -73 0 166 -1
7 -59 0 5195 -1 8 -59 4.000000
8 -59 0 0 -1
39 -62 0 166 -1
18 -68 0 5864 -1 22 -68 4.000000
22 -68 0 0 -1
#
New placement, responsible=-1
New placement, responsible=-1
New placement, responsible=-1
New placement, responsible=-1
New placement, responsible=-1
New placement, responsible=-1
New placement, responsible=-1
Got length 25 message
MC
32 15 11 -76
3014 333

Got map chunk with bin size 3014, compressed size 333
Got length 21 message
MC
1 15 42 -61
95 46

Got map chunk with bin size 95, compressed size 46
clickDestX,Y = 23, -68,  mapX,Y = 13, 18, curX,Y = 27, -61
DestID = 0
Path not found in 0.000000 ms
Path found in 0.000000 ms
Sending message to server: MOVE 25 -45 @86 -1 -1 -2 -2 -2 -3 -2 -4 -2 -5 -2 -6 -2 -7 -2 -8 -2 -9 -2 -10 -2 -11 -2 -12 -2 -13 -2 -14 -2 -15 -2 -16#
fixed speed = 0.061405
Sending message to server: FLIP 22 -61#
Got length 24 message
MC
32 15 8 -46
3017 339

Got map chunk with bin size 3017, compressed size 339
Got length 21 message
MC
3 15 8 -61
313 82

Got map chunk with bin size 313, compressed size 82
Got length 90 message
PU
8893404 353 0 0 0 0 0 0 0 0 -1 0.08 0 0 25 -45 14.38 60.00 3.75 0;0;0;0;0;0 0 0 -1 0 0

PLAYER_UPDATE with heldOrVal=0, heldOrx=0, heldOry=0, pX=25, pY=-45, heldTransSrcID=-1, holdingString=0
Got length 135 message
PM
8893404 25 -45 4.534 4.533 0 -1 -1 -2 -2 -2 -3 -2 -4 -2 -5 -2 -6 -2 -7 -2 -8 -2 -9 -2 -10 -2 -11 -2 -12 -2 -13 -2 -14 -2 -15 -2 -16

Got length 24 message
MC
32 15 7 -76
3018 342

Got map chunk with bin size 3018, compressed size 342
Got length 21 message
MC
1 15 7 -61
102 57

Got map chunk with bin size 102, compressed size 57
Got length 13 message
FL
8893404 1

clickDestX,Y = 24, -47,  mapX,Y = 49, 39, curX,Y = 23, -61
DestID = 0
Path found in 0.000000 ms
Sending message to server: MOVE 24 -46 @87 0 -1#
fixed speed = 0.062500
Frame rate = 44.583147 frames/second
Got length 24 message
MC
32 14 8 -46
2814 320

Got map chunk with bin size 2814, compressed size 320
Got length 22 message
MC
1 16 39 -62
105 48

Got map chunk with bin size 105, compressed size 48
Got length 40 message
PM
8893404 23 -47 0.512 0.511 0 1 1 1 0

clickDestX,Y = 24, -48,  mapX,Y = 17, 38, curX,Y = 24, -47
DestID = 0
Path found in 0.000000 ms
Sending message to server: MOVE 24 -47 @88 0 -1#
fixed speed = 0.062500
Got length 45 message
PM
8893404 23 -47 0.833 0.832 0 1 1 1 0 1 -1

Got compressed message header:
CM
375 152


Got length 375 message
MX
12 -67 0 166 -1
10 -69 0 166 -1
1 -45 0 164 -1
9 -51 0 5192 -1 8 -50 4.000000
8 -50 0 0 -1
2 -40 0 5863 -1 4 -40 4.000000
4 -40 0 0 -1
47 -46 0 166 -1
25 -58 0 5192 -1 22 -58 4.000000
22 -58 0 0 -1
17 -22 0 5863 -1 15 -24 4.000000
15 -24 0 0 -1
47 -50 0 2174 -1 49 -48 4.000000
49 -48 0 0 -1
47 -69 0 166 -1
20 -72 0 5864 -1 19 -72 4.000000
19 -72 0 0 -1
27 -68 0 166 -1
#
New placement, responsible=-1
New placement, responsible=-1
New placement, responsible=-1
New placement, responsible=-1
New placement, responsible=-1
New placement, responsible=-1
New placement, responsible=-1
Got length 14 message
PE
8893388 13

clickDestX,Y = 25, -49,  mapX,Y = 18, 37, curX,Y = 24, -48
DestID = 0
Path found in 0.000000 ms
Sending message to server: MOVE 24 -48 @89 1 -1#
fixed speed = 0.062500
Got length 47 message
PM
8893404 24 -46 0.871 0.871 0 0 -1 0 -2 1 -3

Got length 16 message
PE
8893375 32 1

clickDestX,Y = 26, -49,  mapX,Y = 19, 37, curX,Y = 25, -49
DestID = 0
Path found in 0.000000 ms
Sending message to server: MOVE 24 -48 @90 1 -1 2 -1#
fixed speed = 0.055592
Got length 47 message
PM
8893404 24 -47 0.903 0.902 0 0 -1 1 -2 2 -2

Got length 25 message
FX
17 18 0 0 3.75 -1 0 0

Our food = 17/18
clickDestX,Y = 26, -50,  mapX,Y = 19, 36, curX,Y = 26, -49
DestID = 0
Path found in 0.000000 ms
Sending message to server: MOVE 25 -49 @91 1 -1#
fixed speed = 0.062500
Got length 17 message
HX
0.08 7.06 0.00
Got length 47 message
PM
8893404 24 -47 0.958 0.958 0 0 -1 1 -2 2 -3

clickDestX,Y = 27, -50,  mapX,Y = 20, 36, curX,Y = 26, -50
DestID = 0
Path found in 0.000000 ms
Sending message to server: MOVE 25 -49 @92 1 -1 2 -1#
fixed speed = 0.055592
clickDestX,Y = 26, -51,  mapX,Y = 19, 35, curX,Y = 27, -50
DestID = 0
Path found in 0.000000 ms
Sending message to server: MOVE 26 -50 @93 0 -1#
fixed speed = 0.062500
Got length 47 message
PM
8893404 24 -48 0.928 0.928 0 1 -1 2 -2 3 -2

Got length 47 message
PM
8893404 24 -48 0.990 0.989 0 1 -1 2 -2 2 -3

Got length 159 message
MX
14 -60 0 5194 -1 9 -60 4.000000
9 -60 0 0 -1
40 -67 0 166 -1
42 -64 0 166 -1
25 -24 0 164 -1
11 -55 0 2156 -1 12 -55 2.000000
12 -55 0 0 -1
37 -52 0 165 -1

New placement, responsible=-1
New placement, responsible=-1
New placement, responsible=-1
New placement, responsible=-1
clickDestX,Y = 27, -52,  mapX,Y = 20, 34, curX,Y = 26, -51
DestID = 0
Path found in 0.000000 ms
Sending message to server: MOVE 26 -51 @94 1 -1#
fixed speed = 0.062500
Got length 47 message
PM
8893404 25 -49 1.100 1.100 0 1 -1 1 -2 2 -3

Sending message to server: FLIP 28 -52#
Got length 13 message
FL
8893404 0

clickDestX,Y = 28, -53,  mapX,Y = 21, 33, curX,Y = 27, -52
DestID = 0
Path found in 0.000000 ms
Sending message to server: MOVE 27 -52 @95 1 -1#
fixed speed = 0.062500
Got length 47 message
PM
8893404 26 -50 1.076 1.076 0 0 -1 1 -2 2 -3

Frame rate = 60.060053 frames/second
clickDestX,Y = 29, -53,  mapX,Y = 22, 33, curX,Y = 28, -53
DestID = 0
Path found in 0.000000 ms
Sending message to server: MOVE 27 -52 @96 1 -1 2 -1#
fixed speed = 0.055592
clickDestX,Y = 29, -54,  mapX,Y = 22, 32, curX,Y = 29, -53
DestID = 0
Path found in 0.000000 ms
Sending message to server: MOVE 28 -53 @97 1 -1#
fixed speed = 0.062500
Got length 47 message
PM
8893404 26 -51 0.957 0.957 0 1 -1 2 -2 3 -2

Got length 47 message
PM
8893404 26 -51 1.112 1.111 0 1 -1 2 -2 3 -3

Got compressed message header:
CM
359 151


Got length 359 message
MX
13 -68 0 5864 -1 18 -68 4.000000
18 -68 0 0 -1
40 -80 0 5195 -1 36 -76 4.000000
36 -76 0 0 -1
10 -62 0 5194 -1 7 -59 4.000000
7 -59 0 0 -1
23 -67 0 165 -1
33 -40 0 51 -1
10 -41 0 5191 -1 6 -37 4.000000
6 -37 0 0 -1
9 -60 0 5194 -1 13 -64 4.000000
13 -64 0 0 -1
18 -67 0 1435 -1 18 -63 4.000000
18 -63 0 0 -1
45 -64 0 5864 -1 45 -68 4.000000
45 -68 0 0 -1
#
New placement, responsible=-1
New placement, responsible=-1
New placement, responsible=-1
New placement, responsible=-1
New placement, responsible=-1
New placement, responsible=-1
New placement, responsible=-1
clickDestX,Y = 30, -55,  mapX,Y = 23, 31, curX,Y = 29, -54
DestID = 0
Path found in 0.000000 ms
Sending message to server: MOVE 29 -54 @98 1 -1#
fixed speed = 0.062500
Got length 14 message
PE
8893309 13

Got length 24 message
MC
32 8 14 -70
1616 217

Got map chunk with bin size 1616, compressed size 217
Got length 23 message
MC
6 22 40 -62
840 137

Got map chunk with bin size 840, compressed size 137
Got length 47 message
PM
8893404 27 -52 1.135 1.135 0 1 -1 2 -2 3 -3

Got length 17 message
PE
8893398 31 30

Got length 17 message
HX
0.07 6.98 0.00
clickDestX,Y = 30, -55,  mapX,Y = 19, 28, curX,Y = 30, -55
DestID = 0
clickDestX,Y = 31, -56,  mapX,Y = 20, 27, curX,Y = 30, -55
DestID = 0
Path found in 0.000000 ms
Sending message to server: MOVE 30 -55 @99 1 -1#
fixed speed = 0.062500
Got length 47 message
PM
8893404 28 -53 1.109 1.109 0 1 -1 2 -2 3 -3

Got length 236 message
MX
20 -68 0 5864 -1 20 -72 4.000000
20 -72 0 0 -1
39 -62 0 165 -1
32 -44 0 51 -1
21 -62 0 5191 -1 25 -58 4.000000
25 -58 0 0 -1
6 -44 0 5863 -1 2 -40 4.000000
40 -73 0 165 -1
40 -60 0 165 -1
13 -47 0 5191 -1 9 -51 4.000000
9 -51 0 0 -1

New placement, responsible=-1
New placement, responsible=-1
New placement, responsible=-1
New placement, responsible=-1
New placement, responsible=-1
New placement, responsible=-1
clickDestX,Y = 32, -57,  mapX,Y = 21, 26, curX,Y = 31, -56
DestID = 0
Path found in 0.000000 ms
Sending message to server: MOVE 31 -56 @100 1 -1#
fixed speed = 0.062500
Got length 47 message
PM
8893404 29 -54 1.136 1.136 0 1 -1 2 -2 3 -3

Frame rate = 59.382431 frames/second
clickDestX,Y = 33, -58,  mapX,Y = 22, 25, curX,Y = 32, -57
DestID = 0
Path found in 0.000000 ms
Sending message to server: MOVE 32 -57 @101 1 -1#
fixed speed = 0.062500
Got length 47 message
PM
8893404 30 -55 1.126 1.125 0 1 -1 2 -2 3 -3

Got length 13 message
PE
8893371 1

clickDestX,Y = 34, -59,  mapX,Y = 23, 24, curX,Y = 33, -58
DestID = 0
Path found in 0.000000 ms
Sending message to server: MOVE 33 -58 @102 1 -1#
fixed speed = 0.062500
Got length 90 message
PU
8893404 353 0 0 0 0 0 0 0 0 -1 0.07 0 0 31 -56 14.45 60.00 3.75 0;0;0;0;0;0 0 0 -1 0 0

PLAYER_UPDATE with heldOrVal=0, heldOrx=0, heldOry=0, pX=31, pY=-56, heldTransSrcID=-1, holdingString=0
Got length 47 message
PM
8893404 31 -56 1.138 1.138 0 1 -1 2 -2 3 -3

Got length 161 message
MX
10 -69 0 165 -1
12 -67 0 165 -1
47 -69 0 165 -1
44 -45 0 165 -1
11 -54 0 2156 -1 11 -55 2.000000
11 -55 0 0 -1
10 -60 0 5193 -1 14 -60 4.000000
14 -60 0 0 -1

New placement, responsible=-1
New placement, responsible=-1
New placement, responsible=-1
Got length 14 message
PE
8893377 37

clickDestX,Y = 34, -60,  mapX,Y = 23, 23, curX,Y = 34, -59
DestID = 0
Path found in 0.000000 ms
Sending message to server: MOVE 34 -59 @103 0 -1#
fixed speed = 0.062500
Got length 47 message
PM
8893404 32 -57 1.020 1.020 0 1 -1 2 -2 2 -3

clickDestX,Y = 35, -61,  mapX,Y = 24, 22, curX,Y = 34, -60
DestID = 0
Path found in 0.000000 ms
Sending message to server: MOVE 34 -60 @104 1 -1#
fixed speed = 0.062500
Got length 47 message
PM
8893404 33 -58 1.115 1.115 0 1 -1 1 -2 2 -3

Got length 17 message
HX
0.07 6.94 0.00
clickDestX,Y = 36, -61,  mapX,Y = 25, 22, curX,Y = 35, -61
DestID = 0
Path found in 0.000000 ms
Sending message to server: MOVE 34 -60 @105 1 -1 2 -1#
fixed speed = 0.055592
Got length 47 message
PM
8893404 34 -59 1.002 1.002 0 0 -1 1 -2 2 -2

clickDestX,Y = 36, -62,  mapX,Y = 25, 21, curX,Y = 36, -61
DestID = 0
Path found in 0.000000 ms
Sending message to server: MOVE 35 -61 @106 1 -1#
fixed speed = 0.062500
Got length 47 message
PM
8893404 34 -59 0.962 0.962 0 0 -1 1 -2 2 -3

Frame rate = 59.988000 frames/second
Got compressed message header:
CM
346 145


Got length 346 message
MX
27 -68 0 165 -1
49 -64 0 5864 -1 45 -64 4.000000
45 -64 0 0 -1
13 -65 0 5864 -1 13 -68 4.000000
13 -68 0 0 -1
35 -85 0 5194 -1 40 -80 4.000000
40 -80 0 0 -1
10 -61 0 5193 -1 10 -62 4.000000
10 -62 0 0 -1
35 -39 0 51 -1
47 -46 0 165 -1
14 -71 0 1435 -1 18 -67 4.000000
18 -67 0 0 -1
9 -66 0 5193 -1 9 -60 4.000000
9 -60 0 0 -1
42 -64 0 165 -1
#
New placement, responsible=-1
New placement, responsible=-1
New placement, responsible=-1
New placement, responsible=-1
New placement, responsible=-1
New placement, responsible=-1
New placement, responsible=-1
clickDestX,Y = 37, -62,  mapX,Y = 26, 21, curX,Y = 36, -62
DestID = 0
Path found in 0.000000 ms
Sending message to server: MOVE 35 -61 @107 1 -1 2 -1#
fixed speed = 0.055592
clickDestX,Y = 37, -63,  mapX,Y = 26, 20, curX,Y = 37, -62
DestID = 0
Path found in 0.000000 ms
Sending message to server: MOVE 36 -62 @108 1 -1#
fixed speed = 0.062500
Got length 47 message
PM
8893404 34 -60 0.915 0.915 0 1 -1 2 -2 3 -2

Got length 24 message
MC
32 8 21 -78
1596 184

Got map chunk with bin size 1596, compressed size 184
Got length 23 message
MC
7 22 46 -70
957 116

Got map chunk with bin size 957, compressed size 116
Got length 47 message
PM
8893404 34 -60 1.114 1.114 0 1 -1 2 -2 3 -3

clickDestX,Y = 38, -64,  mapX,Y = 21, 27, curX,Y = 37, -63
DestID = 0
Path found in 0.000000 ms
Sending message to server: MOVE 37 -63 @109 1 -1#
fixed speed = 0.062500
Got length 47 message
PM
8893404 35 -61 1.136 1.135 0 1 -1 2 -2 3 -3

clickDestX,Y = 39, -64,  mapX,Y = 22, 27, curX,Y = 38, -64
DestID = 0
Path found in 0.000000 ms
Sending message to server: MOVE 37 -63 @110 1 -1 2 -1#
fixed speed = 0.055592
clickDestX,Y = 39, -65,  mapX,Y = 22, 26, curX,Y = 39, -64
DestID = 0
Path found in 0.000000 ms
Sending message to server: MOVE 38 -64 @111 1 -1#
fixed speed = 0.062500
Got length 47 message
PM
8893404 36 -62 1.031 1.031 0 1 -1 2 -2 3 -2

Got length 14 message
PE
8893341 13

Got length 47 message
PM
8893404 36 -62 1.118 1.118 0 1 -1 2 -2 3 -3

Got length 173 message
MX
40 -67 0 165 -1
16 -72 0 5863 -1 20 -68 4.000000
20 -68 0 0 -1
29 -37 0 51 -1
37 -52 0 164 -1
49 -36 0 51 -1
17 -62 0 5190 -1 21 -62 4.000000
21 -62 0 0 -1
13 -47 0 0 -1

New placement, responsible=-1
New placement, responsible=-1
New placement, responsible=-1
New placement, responsible=-1
clickDestX,Y = 40, -66,  mapX,Y = 23, 25, curX,Y = 39, -65
DestID = 0
Path found in 0.000000 ms
Sending message to server: MOVE 39 -65 @112 1 -1#
fixed speed = 0.062500
Got length 47 message
PM
8893404 37 -63 1.135 1.134 0 1 -1 2 -2 3 -3

Got length 17 message
HX
0.07 6.92 0.00
Frame rate = 60.024005 frames/second
clickDestX,Y = 41, -66,  mapX,Y = 24, 25, curX,Y = 40, -66
DestID = 0
Path found in 0.000000 ms
Sending message to server: MOVE 40 -66 @113 1 0#
fixed speed = 0.062500
Got length 47 message
PM
8893404 38 -64 1.018 1.018 0 1 -1 2 -2 3 -2

clickDestX,Y = 42, -66,  mapX,Y = 25, 25, curX,Y = 41, -66
DestID = 0
Path found in 0.000000 ms
Sending message to server: MOVE 41 -66 @114 1 0#
fixed speed = 0.062500
Got length 47 message
PM
8893404 39 -65 1.002 1.002 0 1 -1 2 -1 3 -1

Got length 99 message
MX
30 -40 0 51 -1
39 -62 0 164 -1
23 -67 0 164 -1
40 -73 0 164 -1
14 -64 0 5192 -1 10 -60 4.000000

New placement, responsible=-1
New placement, responsible=-1
New placement, responsible=-1
New placement, responsible=-1
clickDestX,Y = 43, -67,  mapX,Y = 26, 24, curX,Y = 42, -66
DestID = 0
Path found in 0.000000 ms
Sending message to server: MOVE 42 -66 @115 1 -1#
fixed speed = 0.062500
Got length 90 message
PU
8893404 353 0 0 0 0 0 0 0 0 -1 0.07 0 0 40 -66 14.51 60.00 3.75 0;0;0;0;0;0 0 0 -1 0 0

PLAYER_UPDATE with heldOrVal=0, heldOrx=0, heldOry=0, pX=40, pY=-66, heldTransSrcID=-1, holdingString=0
Got length 45 message
PM
8893404 40 -66 1.019 1.018 0 1 0 2 0 3 -1

clickDestX,Y = 43, -68,  mapX,Y = 26, 23, curX,Y = 43, -67
DestID = 0
Path found in 0.000000 ms
Sending message to server: MOVE 42 -66 @116 1 -1 1 -2#
fixed speed = 0.055592
Got length 13 message
PE
8893402 6

Got length 46 message
PM
8893404 41 -66 0.937 0.937 0 1 0 2 -1 2 -2

clickDestX,Y = 44, -68,  mapX,Y = 27, 23, curX,Y = 43, -68
DestID = 0
Path found in 0.000000 ms
Sending message to server: MOVE 43 -67 @117 1 -1#
fixed speed = 0.062500
Got length 46 message
PM
8893404 41 -66 0.954 0.951 0 1 0 2 -1 3 -2

Got length 25 message
FX
16 19 0 0 3.75 -1 0 0

Our food = 16/19
clickDestX,Y = 44, -69,  mapX,Y = 27, 22, curX,Y = 44, -68
DestID = 0
Path found in 0.000000 ms
Sending message to server: MOVE 43 -67 @118 1 -1 1 -2#
fixed speed = 0.055592
clickDestX,Y = 45, -69,  mapX,Y = 28, 22, curX,Y = 44, -69
DestID = 0
Path found in 0.000000 ms
Sending message to server: MOVE 44 -68 @119 1 -1#
fixed speed = 0.062500
Got length 47 message
PM
8893404 42 -66 0.932 0.932 0 1 -1 2 -2 2 -3

Got length 24 message
MC
32 6 29 -84
1173 108

Got map chunk with bin size 1173, compressed size 108
Got length 24 message
MC
8 24 53 -78
1197 132

Got map chunk with bin size 1197, compressed size 132
Got length 47 message
PM
8893404 42 -66 1.094 1.093 0 1 -1 2 -2 3 -3

Got length 96 message
MX
32 -88 0 418 -1 36 -84 4.000000
36 -84 0 0 -1
53 -80 0 5182 -1 49 -84 4.000000
49 -84 0 0 -1

New placement, responsible=-1
Got compressed message header:
CM
319 143


Got length 319 message
MX
53 -64 0 5864 -1 49 -64 4.000000
49 -64 0 0 -1
31 -89 0 5193 -1 35 -85 4.000000
35 -85 0 0 -1
47 -47 0 2174 -1 47 -50 4.000000
47 -50 0 0 -1
47 -69 0 164 -1
44 -45 0 164 -1
54 -80 0 5195 -1 51 -77 4.000000
51 -77 0 0 -1
40 -60 0 164 -1
18 -71 0 1435 -1 14 -71 4.000000
14 -71 0 0 -1
14 -66 0 5192 -1 9 -66 4.000000
#
New placement, responsible=-1
New placement, responsible=-1
New placement, responsible=-1
New placement, responsible=-1
New placement, responsible=-1
New placement, responsible=-1
Frame rate = 60.024014 frames/second
Playing 0 pending received messages for 8893404
Reached dest (45,-69) -0.153877 seconds early
Got length 17 message
HX
0.07 6.90 0.00
clickDestX,Y = 50, -74,  mapX,Y = 25, 24, curX,Y = 45, -69
DestID = 0
Path found in 0.000000 ms
Sending message to server: MOVE 45 -69 @120 1 -1 2 -2 3 -3 4 -4 5 -5#
fixed speed = 0.062500
Got length 62 message
PM
8893404 44 -68 2.243 2.243 0 1 -1 2 -2 3 -3 4 -4 5 -5 6 -6

clickDestX,Y = 46, -71,  mapX,Y = 21, 27, curX,Y = 50, -74
DestID = 0
Path found in 0.000000 ms
Sending message to server: MOVE 46 -70 @121 0 -1#
fixed speed = 0.062500
Got length 67 message
MX
27 -68 0 164 -1
47 -46 0 164 -1
45 -76 0 166 -1
54 -84 0 166 -1

New placement, responsible=-1
New placement, responsible=-1
New placement, responsible=-1
New placement, responsible=-1
Got length 42 message
PM
8893404 45 -69 0.652 0.652 0 1 -1 1 -2

Got length 14 message
PE
8893388 13

clickDestX,Y = 47, -72,  mapX,Y = 22, 26, curX,Y = 46, -71
DestID = 0
Path found in 0.000000 ms
Sending message to server: MOVE 46 -71 @122 1 -1#
fixed speed = 0.062500
Got length 47 message
PM
8893404 45 -69 0.874 0.874 0 1 -1 1 -2 2 -3

Got length 17 message
PE
8893398 31 30

clickDestX,Y = 47, -72,  mapX,Y = 22, 26, curX,Y = 47, -72
DestID = 0
clickDestX,Y = 47, -73,  mapX,Y = 22, 25, curX,Y = 47, -72
DestID = 0
Path found in 0.000000 ms
Sending message to server: MOVE 47 -72 @123 0 -1#
fixed speed = 0.062500
Got length 47 message
PM
8893404 46 -70 0.917 0.917 0 0 -1 1 -2 1 -3

clickDestX,Y = 65, -74,  mapX,Y = 40, 24, curX,Y = 47, -73
DestID = -1
clickDestX,Y = 47, -74,  mapX,Y = 22, 24, curX,Y = 47, -73
DestID = 0
Path found in 0.000000 ms
Sending message to server: MOVE 47 -73 @124 0 -1#
fixed speed = 0.062500
Got length 13 message
PE
8893393 3

Got length 47 message
PM
8893404 46 -71 0.886 0.886 0 1 -1 1 -2 1 -3

Frame rate = 60.024005 frames/second
clickDestX,Y = 47, -75,  mapX,Y = 22, 23, curX,Y = 47, -74
DestID = 0
Path found in 0.000000 ms
Sending message to server: MOVE 47 -74 @125 0 -1#
fixed speed = 0.062500
Got length 112 message
MX
57 -84 0 5181 -1 53 -80 4.000000
53 -80 0 0 -1
42 -64 0 164 -1
32 -89 0 418 -1 32 -88 4.000000
32 -88 0 0 -1

New placement, responsible=-1
New placement, responsible=-1
Got length 47 message
PM
8893404 47 -72 0.886 0.884 0 0 -1 0 -2 0 -3

clickDestX,Y = 47, -76,  mapX,Y = 22, 22, curX,Y = 47, -75
DestID = 0
Path found in 0.000000 ms
Sending message to server: MOVE 47 -75 @126 0 -1#
fixed speed = 0.062500
Got length 47 message
PM
8893404 47 -73 0.830 0.830 0 0 -1 0 -2 0 -3

Got length 17 message
HX
0.07 6.90 0.00
clickDestX,Y = 48, -77,  mapX,Y = 23, 21, curX,Y = 47, -76
DestID = 0
Path found in 0.000000 ms
Sending message to server: MOVE 47 -76 @127 1 -1#
fixed speed = 0.062500
Got length 24 message
MC
32 8 32 -92
1589 167

Got map chunk with bin size 1589, compressed size 167
Got length 22 message
MC
3 22 61 -84
406 67

Got map chunk with bin size 406, compressed size 67
Got length 47 message
PM
8893404 47 -74 0.895 0.895 0 0 -1 0 -2 1 -3

Got length 143 message
MX
57 -80 0 2174 -1 63 -86 4.000000
63 -86 0 0 -1
55 -89 0 418 -1 55 -85 4.000000
55 -85 0 0 -1
57 -85 0 5181 -1 61 -85 4.000000
61 -85 0 0 -1

New placement, responsible=-1
New placement, responsible=-1
New placement, responsible=-1
clickDestX,Y = 59, -84,  mapX,Y = 29, 21, curX,Y = 48, -77
DestID = 0
Path found in 0.000000 ms
Sending message to server: MOVE 47 -76 @128 1 -1 2 -2 3 -3 4 -4 5 -5 6 -6 7 -7 8 -8 9 -8 10 -8 11 -8 12 -8#
fixed speed = 0.061299
Got length 24 message
MC
32 7 43 -99
1401 159

Got map chunk with bin size 1401, compressed size 159
Got length 25 message
MC
11 23 64 -92
1591 188

Got map chunk with bin size 1591, compressed size 188
Got length 90 message
PU
8893404 353 0 0 0 0 0 0 0 0 -1 0.07 0 0 47 -75 14.57 60.00 3.75 0;0;0;0;0;0 0 0 -1 0 0

PLAYER_UPDATE with heldOrVal=0, heldOrx=0, heldOry=0, pX=47, pY=-75, heldTransSrcID=-1, holdingString=0
Got length 100 message
PM
8893404 47 -75 4.297 4.297 0 0 -1 1 -2 2 -3 3 -4 4 -5 5 -6 6 -7 7 -8 8 -9 9 -9 10 -9 11 -9 12 -9

Got length 24 message
MC
32 8 31 -69
1598 180

Got map chunk with bin size 1598, compressed size 180
Got length 25 message
MC
12 22 31 -91
1605 113

Got map chunk with bin size 1605, compressed size 113
Got length 160 message
MX
49 -99 0 2174 -1 43 -99 4.000000
43 -99 0 0 -1
42 -95 0 5181 -1 46 -95 4.000000
46 -95 0 0 -1
73 -86 0 173 -1
74 -75 0 1435 -1 70 -79 4.000000
70 -79 0 0 -1

New placement, responsible=-1
New placement, responsible=-1
Got length 24 message
MC
32 8 43 -99
1605 184

Got map chunk with bin size 1605, compressed size 184
Got length 25 message
MC
12 22 63 -91
1652 194

Got map chunk with bin size 1652, compressed size 194
Got length 207 message
MX
49 -64 0 5864 -1 53 -64 4.000000
53 -64 0 0 -1
35 -89 0 5192 -1 31 -89 4.000000
31 -89 0 0 -1
54 -81 0 5195 -1 58 -85 4.000000
58 -85 0 0 -1
58 -84 0 5194 -1 54 -80 4.000000
54 -80 0 0 -1
40 -67 0 164 -1

New placement, responsible=-1
New placement, responsible=-1
clickDestX,Y = 59, -83,  mapX,Y = 22, 29, curX,Y = 59, -84
DestID = 0
Path found in 0.000000 ms
Sending message to server: MOVE 48 -77 @129 1 -1 2 -2 3 -3 4 -4 5 -5 6 -6 7 -6 8 -6 9 -6 10 -6 11 -6#
fixed speed = 0.061140
Got length 24 message
MC
32 7 32 -69
1400 158

Got map chunk with bin size 1400, compressed size 158
Got length 25 message
MC
11 23 32 -92
1541 120

Got map chunk with bin size 1541, compressed size 120
Got length 95 message
PM
8893404 47 -76 4.010 4.010 0 1 -1 2 -2 3 -3 4 -4 5 -5 6 -6 7 -7 8 -7 9 -7 10 -7 11 -7 12 -7

Got length 24 message
MC
32 6 43 -98
1197 134

Got map chunk with bin size 1197, compressed size 134
Got length 25 message
MC
11 24 64 -92
1660 194

Got map chunk with bin size 1660, compressed size 194
clickDestX,Y = 65, -79,  mapX,Y = 28, 33, curX,Y = 59, -83
DestID = 0
Path not found in 0.999928 ms
Path found in 0.000000 ms
Sending message to server: MOVE 48 -77 @130 1 -1 2 -2 3 -2 4 -2 5 -2 6 -2 7 -2 8 -2 9 -2 10 -2 11 -2 12 -2 13 -2 14 -2 15 -2#
fixed speed = 0.061337
Got length 14 message
PE
8893309 13

Got length 24 message
MC
32 6 32 -68
1201 150

Got map chunk with bin size 1201, compressed size 150
Got length 25 message
MC
11 24 32 -92
1608 122

Got map chunk with bin size 1608, compressed size 122
Got length 90 message
PU
8893404 353 0 0 0 0 0 0 0 0 -1 0.07 0 0 47 -76 14.58 60.00 3.75 0;0;0;0;0;0 0 0 -1 0 0

PLAYER_UPDATE with heldOrVal=0, heldOrx=0, heldOry=0, pX=47, pY=-76, heldTransSrcID=-1, holdingString=0
Got length 119 message
PM
8893404 47 -76 4.415 4.414 0 1 -1 2 -2 3 -3 4 -3 5 -3 6 -3 7 -3 8 -3 9 -3 10 -3 11 -3 12 -3 13 -3 14 -3 15 -3 16 -3

Got length 22 message
MC
32 2 47 -94
409 90

Got map chunk with bin size 409, compressed size 90
Got length 25 message
MC
15 28 64 -92
2646 295

Got map chunk with bin size 2646, compressed size 295
Got length 50 message
MX
76 -94 0 5201 -1 75 -94 2.000000
75 -94 0 0 -1

clickDestX,Y = 62, -81,  mapX,Y = 23, 29, curX,Y = 63, -79
DestID = 0
Path found in 0.000000 ms
Sending message to server: MOVE 49 -78 @131 1 -1 2 -2 3 -3 4 -3 5 -3 6 -3 7 -3 8 -3 9 -3 10 -3 11 -3 12 -3 13 -3#
fixed speed = 0.061211
Got length 22 message
MC
32 1 33 -64
202 58

Got map chunk with bin size 202, compressed size 58
Got length 25 message
MC
14 29 33 -93
2518 221

Got map chunk with bin size 2518, compressed size 221
Got length 107 message
PM
8893404 48 -77 4.318 4.318 0 1 -1 2 -2 3 -3 4 -4 5 -4 6 -4 7 -4 8 -4 9 -4 10 -4 11 -4 12 -4 13 -4 14 -4

Got length 22 message
MC
32 3 46 -96
603 97

Got map chunk with bin size 603, compressed size 97
Got length 25 message
MC
13 27 65 -93
2208 249

Got map chunk with bin size 2208, compressed size 249
clickDestX,Y = 49, -83,  mapX,Y = 10, 29, curX,Y = 62, -81
DestID = 0
Path found in 0.000000 ms
Sending message to server: MOVE 49 -78 @132 0 -1 0 -2 0 -3 0 -4 0 -5#
fixed speed = 0.062500
Got length 22 message
MC
32 2 33 -98
396 80

Got map chunk with bin size 396, compressed size 80
Got length 25 message
MC
13 28 33 -96
2249 195

Got map chunk with bin size 2249, compressed size 195
Got length 57 message
PM
8893404 49 -78 1.482 1.482 0 0 -1 0 -2 0 -3 0 -4 0 -5

Got length 51 message
MX
43 -101 0 2174 -1 37 -95 4.000000
37 -95 0 0 -1

New placement, responsible=-1
clickDestX,Y = 65, -78,  mapX,Y = 58, 36, curX,Y = 49, -83
DestID = 0
Path not found in 0.000000 ms
Path found in 0.000000 ms
Sending message to server: MOVE 49 -79 @133 1 1 2 1 3 1 4 1 5 1 6 1 7 1 8 1 9 1 10 1 11 1 12 1 13 1 14 1 15 1#
fixed speed = 0.061307
Frame rate = 49.333992 frames/second
Got length 24 message
MC
32 5 48 -68
1001 123

Got map chunk with bin size 1001, compressed size 123
Got length 25 message
MC
15 25 65 -93
2362 262

Got map chunk with bin size 2362, compressed size 262
Got length 90 message
PU
8893404 353 0 0 0 0 0 0 0 0 -1 0.07 0 0 49 -79 14.59 60.00 3.75 0;0;0;0;0;0 0 0 -1 0 0

PLAYER_UPDATE with heldOrVal=0, heldOrx=0, heldOry=0, pX=49, pY=-79, heldTransSrcID=-1, holdingString=0
Got length 98 message
PM
8893404 49 -79 4.051 4.051 0 1 1 2 1 3 1 4 1 5 1 6 1 7 1 8 1 9 1 10 1 11 1 12 1 13 1 14 1 15 1

Got length 25 message
MC
14 30 34 -93
2613 235

Got map chunk with bin size 2613, compressed size 235
Got length 25 message
MC
14 30 66 -93
2647 285

Got map chunk with bin size 2647, compressed size 285
clickDestX,Y = 69, -74,  mapX,Y = 28, 36, curX,Y = 64, -78
DestID = 100
Path not found in 0.000000 ms
Path not found in 0.000000 ms
Path not found in 1.999855 ms
Path not found in 0.000000 ms
Path not found in 0.000000 ms
Path found in 0.000000 ms
Sending message to server: MOVE 49 -79 @134 1 1 2 2 3 3 4 4 5 5 6 5 7 5 8 5 9 5 10 5 11 5 12 5 13 5 14 5 15 5#
fixed speed = 0.061421
Got length 25 message
MC
14 30 34 -93
2613 235

Got map chunk with bin size 2613, compressed size 235
Got length 98 message
PM
8893404 49 -79 4.335 4.334 0 1 1 2 2 3 3 4 4 5 5 6 5 7 5 8 5 9 5 10 5 11 5 12 5 13 5 14 5 15 5

Got length 23 message
MC
32 4 48 -63
814 124

Got map chunk with bin size 814, compressed size 124
Got length 25 message
MC
14 26 66 -89
2289 239

Got map chunk with bin size 2289, compressed size 239
clickDestX,Y = 71, -70,  mapX,Y = 30, 38, curX,Y = 64, -74
DestID = 0
Path not found in 0.000000 ms
Path found in 0.000000 ms
Sending message to server: MOVE 50 -78 @135 1 1 2 2 3 3 4 4 5 5 6 6 7 7 8 8 9 8 10 8 11 8 12 8 13 8 14 8 15 8#
fixed speed = 0.061493
Got length 22 message
MC
32 3 35 -92
599 96

Got map chunk with bin size 599, compressed size 96
Got length 25 message
MC
13 27 35 -89
2186 200

Got map chunk with bin size 2186, compressed size 200
Got length 90 message
PU
8893404 353 0 0 0 0 0 0 0 0 -1 0.07 0 0 50 -78 14.60 60.00 3.75 0;0;0;0;0;0 0 0 -1 0 0

PLAYER_UPDATE with heldOrVal=0, heldOrx=0, heldOry=0, pX=50, pY=-78, heldTransSrcID=-1, holdingString=0
Got length 98 message
PM
8893404 50 -78 5.026 5.026 0 1 1 2 2 3 3 4 4 5 5 6 6 7 7 8 8 9 8 10 8 11 8 12 8 13 8 14 8 15 8

Got length 24 message
MC
32 7 49 -62
1420 176

Got map chunk with bin size 1420, compressed size 176
Got length 25 message
MC
14 23 67 -85
2021 220

Got map chunk with bin size 2021, compressed size 220
Got length 13 message
PE
8893371 1

clickDestX,Y = 72, -68,  mapX,Y = 30, 38, curX,Y = 65, -70
DestID = 0
Path not found in 1.000166 ms
Path found in 0.000000 ms
Sending message to server: MOVE 50 -78 @136 1 1 2 2 3 3 4 4 5 5 6 6 7 7 8 8 9 9 10 10 11 10 12 10 13 10 14 10 15 10#
fixed speed = 0.061536
Got length 17 message
HX
0.07 6.89 0.00
Got length 24 message
MC
32 7 35 -92
1400 166

Got map chunk with bin size 1400, compressed size 166
Got length 25 message
MC
14 23 35 -85
2000 185

Got map chunk with bin size 2000, compressed size 185
Got length 90 message
PU
8893404 353 0 0 0 0 0 0 0 0 -1 0.07 0 0 50 -78 14.60 60.00 3.75 0;0;0;0;0;0 0 0 -1 0 0

PLAYER_UPDATE with heldOrVal=0, heldOrx=0, heldOry=0, pX=50, pY=-78, heldTransSrcID=-1, holdingString=0
Got length 104 message
PM
8893404 50 -78 4.926 4.925 0 1 1 2 2 3 3 4 4 5 5 6 6 7 7 8 8 9 9 10 10 11 10 12 10 13 10 14 10 15 10

Got length 24 message
MC
32 9 49 -62
1824 213

Got map chunk with bin size 1824, compressed size 213
Got length 25 message
MC
14 21 67 -83
1843 203

Got map chunk with bin size 1843, compressed size 203
clickDestX,Y = 74, -65,  mapX,Y = 32, 40, curX,Y = 65, -68
DestID = 0
Path not found in 0.999928 ms
Path found in 0.000000 ms
Sending message to server: MOVE 51 -77 @137 1 1 2 2 3 3 4 4 5 5 6 6 7 7 8 8 9 9 10 10 11 11 12 12 13 12 14 12 15 12#
fixed speed = 0.061575
Got length 24 message
MC
32 8 36 -91
1605 194

Got map chunk with bin size 1605, compressed size 194
Got length 25 message
MC
13 22 36 -83
1783 184

Got map chunk with bin size 1783, compressed size 184
Got length 90 message
PU
8893404 353 0 0 0 0 0 0 0 0 -1 0.07 0 0 51 -77 14.61 60.00 3.75 0;0;0;0;0;0 0 0 -1 0 0

PLAYER_UPDATE with heldOrVal=0, heldOrx=0, heldOry=0, pX=51, pY=-77, heldTransSrcID=-1, holdingString=0
Got length 104 message
PM
8893404 51 -77 5.317 5.317 0 1 1 2 2 3 3 4 4 5 5 6 6 7 7 8 8 9 9 10 10 11 11 12 12 13 12 14 12 15 12

Got length 25 message
MC
32 11 50 -61
2220 236

Got map chunk with bin size 2220, compressed size 236
Got length 25 message
MC
14 19 68 -80
1683 217

Got map chunk with bin size 1683, compressed size 217
Got length 222 message
MX
61 -88 0 5180 -1 57 -84 4.000000
57 -84 0 0 -1
70 -75 0 5864 -1 74 -75 4.000000
74 -75 0 0 -1
55 -85 0 418 -1 55 -89 4.000000
55 -89 0 0 -1
59 -87 0 5180 -1 57 -85 4.000000
57 -85 0 0 -1
72 -73 0 166 -1
54 -84 0 165 -1

New placement, responsible=-1
New placement, responsible=-1
New placement, responsible=-1
Got length 14 message
PE
8893377 37

clickDestX,Y = 67, -60,  mapX,Y = 24, 43, curX,Y = 66, -65
DestID = 0
Path not found in 0.000000 ms
Path found in 0.000000 ms
Sending message to server: MOVE 52 -76 @138 1 1 2 2 3 3 4 4 5 5 6 6 7 7 8 8 9 9 10 10 11 11 12 12 13 13 14 14 15 15#
fixed speed = 0.062500
Got length 25 message
MC
32 10 37 -90
1999 214

Got map chunk with bin size 1999, compressed size 214
Got length 25 message
MC
13 20 37 -80
1636 197

Got map chunk with bin size 1636, compressed size 197
Got length 90 message
PU
8893404 353 0 0 0 0 0 0 0 0 -1 0.07 0 0 52 -76 14.61 60.00 3.75 0;0;0;0;0;0 0 0 -1 0 0

PLAYER_UPDATE with heldOrVal=0, heldOrx=0, heldOry=0, pX=52, pY=-76, heldTransSrcID=-1, holdingString=0
Got length 104 message
PM
8893404 52 -76 5.753 5.753 0 1 1 2 2 3 3 4 4 5 5 6 6 7 7 8 8 9 9 10 10 11 11 12 12 13 13 14 14 15 15

Got length 25 message
MC
32 14 51 -60
2807 265

Got map chunk with bin size 2807, compressed size 265
Got length 25 message
MC
14 16 69 -76
1421 202

Got map chunk with bin size 1421, compressed size 202
clickDestX,Y = 55, -59,  mapX,Y = 11, 41, curX,Y = 67, -61
DestID = 100
Path not found in 0.000000 ms
Path not found in 1.000166 ms
Path found in 0.000000 ms
Path not found in 0.000000 ms
Path found in 0.000000 ms
Sending message to server: MOVE 53 -75 @139 1 1 2 2 2 3 2 4 2 5 2 6 2 7 2 8 2 9 2 10 1 11 2 12 2 13 2 14 2 15#
fixed speed = 0.058300
Got length 22 message
MC
32 1 39 -46
200 55

Got map chunk with bin size 200, compressed size 55
Got length 25 message
MC
12 29 39 -75
2198 244

Got map chunk with bin size 2198, compressed size 244
Got length 90 message
PU
8893404 353 0 0 0 0 0 0 0 0 -1 0.07 0 0 54 -74 14.62 60.00 3.75 0;0;0;0;0;0 0 0 -1 0 0

PLAYER_UPDATE with heldOrVal=0, heldOrx=0, heldOry=0, pX=54, pY=-74, heldTransSrcID=-1, holdingString=0
Got length 97 message
PM
8893404 54 -74 4.483 4.482 0 0 0 1 1 1 2 1 3 1 4 1 5 1 6 1 7 1 8 1 9 0 10 1 11 1 12 1 13 1 14

Got length 25 message
MC
32 14 38 -89
2792 288

Got map chunk with bin size 2792, compressed size 288
Got length 21 message
MC
1 16 38 -75
98 41

Got map chunk with bin size 98, compressed size 41
Got length 25 message
MC
32 14 39 -59
2828 307

Got map chunk with bin size 2828, compressed size 307
Got length 22 message
MC
1 16 70 -75
102 49

Got map chunk with bin size 102, compressed size 49
Got compressed message header:
CM
272 133


Got length 272 message
MX
53 -64 0 5864 -1 49 -64 4.000000
49 -64 0 0 -1
62 -89 0 2174 -1 56 -83 4.000000
56 -83 0 0 -1
39 -85 0 5191 -1 35 -89 4.000000
51 -84 0 5194 -1 54 -81 4.000000
54 -81 0 0 -1
71 -70 0 166 -1
42 -55 0 51 -1
45 -76 0 165 -1
58 -88 0 5193 -1 58 -84 4.000000
58 -84 0 0 -1
#
New placement, responsible=-1
New placement, responsible=-1
New placement, responsible=-1
New placement, responsible=-1
New placement, responsible=-1
New placement, responsible=-1
New placement, responsible=-1
Frame rate = 45.065343 frames/second
clickDestX,Y = 55, -59,  mapX,Y = 17, 40, curX,Y = 55, -60
DestID = 100
clickDestX,Y = 72, -57,  mapX,Y = 34, 42, curX,Y = 55, -60
DestID = -1
Got length 17 message
HX
0.07 6.89 0.00
Got length 25 message
FX
15 19 0 0 3.75 -1 0 0

Our food = 15/19
Got length 14 message
PE
8893341 13

Got length 237 message
MX
57 -84 0 5179 -1 61 -88 4.000000
61 -88 0 0 -1
46 -48 0 2174 -1 47 -47 4.000000
47 -47 0 0 -1
59 -85 0 418 -1 55 -85 4.000000
55 -85 0 0 -1
70 -79 0 5864 -1 70 -75 4.000000
70 -75 0 0 -1
63 -87 0 5179 -1 59 -87 4.000000
59 -87 0 0 -1

New placement, responsible=-1
New placement, responsible=-1
New placement, responsible=-1
New placement, responsible=-1
Frame rate = 48.780489 frames/second
Got length 17 message
PE
8893398 31 30

Got length 101 message
PU
8893398 1629 0 0 0 0 0 0 0 0 -1 0.07 0 0 X X 4.05 60.00 3.28 0;0;0;0;0;0 0 0 -1 0 0 reason_hunger

Playing 0 pending received messages for 8893398     (skipping those that don't affect other players or map)
Got length 13 message
PE
8893402 6

Got length 17 message
HX
0.07 6.89 0.00
Got length 205 message
MX
49 -64 0 5863 -1 53 -64 4.000000
53 -64 0 0 -1
51 -86 0 2174 -1 57 -80 4.000000
57 -80 0 0 -1
39 -85 0 0 -1
46 -79 0 5193 -1 51 -84 4.000000
51 -84 0 0 -1
58 -84 0 5192 -1 58 -88 4.000000
58 -88 0 0 -1

New placement, responsible=-1
Got length 17 message
PE
8893360 31 30

Sending message to server: FLIP 54 -60#
Got length 13 message
FL
8893404 1

Got length 35 message
MX
54 -84 0 164 -1
72 -73 0 165 -1

New placement, responsible=-1
New placement, responsible=-1
Got length 14 message
PE
8893388 13

Got length 16 message
PE
8893376 28 5

Frame rate = 48.614489 frames/second
Got length 92 message
PU
8893404 353 0 0 0 0 0 0 0 0 -1 0.07 139 0 55 -60 14.70 60.00 3.75 0;0;0;0;0;0 0 0 -1 0 0

PLAYER_UPDATE with heldOrVal=0, heldOrx=0, heldOry=0, pX=55, pY=-60, heldTransSrcID=-1, holdingString=0
clickDestX,Y = 55, -50,  mapX,Y = 17, 49, curX,Y = 55, -60
DestID = 0
Path found in 0.000000 ms
Sending message to server: MOVE 55 -63 @140 0 1 0 2 0 3 -1 4 0 5 0 6 0 7 0 8 0 9 0 10 0 11 0 12 0 13#
fixed speed = 0.058681
Got length 16 message
PE
8893376 28 5

Got length 25 message
MC
32 10 39 -45
1967 197

Got map chunk with bin size 1967, compressed size 197
Got length 88 message
PM
8893404 55 -60 3.421 2.888 0 0 -2 0 -1 0 0 -1 1 0 2 0 3 0 4 0 5 0 6 0 7 0 8 0 9 0 10

Got length 25 message
MC
32 12 39 -77
2386 234

Got map chunk with bin size 2386, compressed size 234
Got length 48 message
MX
47 -41 0 51 -1
45 -38 0 51 -1
48 -37 0 51 -1

Got length 25 message
MC
32 12 39 -47
2365 222

Got map chunk with bin size 2365, compressed size 222
Got length 17 message
HX
0.07 6.89 0.00
Got length 16 message
PE
8893376 28 5

clickDestX,Y = 50, -47,  mapX,Y = 27, 26, curX,Y = 55, -50
DestID = 0
Path found in 0.000000 ms
Sending message to server: MOVE 55 -62 @141 -1 1 -2 2 -3 3 -4 4 -5 5 -5 6 -5 7 -5 8 -5 9 -5 10 -5 11 -5 12 -6 13 -5 14 -5 15#
fixed speed = 0.058573
Got length 16 message
PE
8893376 28 5

Got length 25 message
MC
32 12 39 -77
2386 234

Got map chunk with bin size 2386, compressed size 234
Got length 126 message
PM
8893404 54 -59 5.571 5.571 0 1 -1 1 -2 1 -3 0 -2 -1 -1 -2 0 -3 1 -4 2 -4 3 -4 4 -4 5 -4 6 -4 7 -4 8 -4 9 -5 10 -4 11 -4 12

Got length 25 message
MC
32 15 34 -47
2980 282

Got map chunk with bin size 2980, compressed size 282
Got length 23 message
MC
5 15 34 -62
473 100

Got map chunk with bin size 473, compressed size 100
Got length 18 message
MX
38 -41 0 51 -1

Got length 35 message
MX
71 -70 0 165 -1
45 -76 0 164 -1

New placement, responsible=-1
clickDestX,Y = 32, -41,  mapX,Y = 28, 46, curX,Y = 50, -47
DestID = -1
clickDestX,Y = 39, -56,  mapX,Y = 35, 31, curX,Y = 50, -47
DestID = 0
Path found in 0.000000 ms
Sending message to server: MOVE 54 -61 @142 -1 1 -2 2 -3 3 -4 4 -5 5 -6 5 -7 5 -8 5 -9 5 -10 5 -11 5 -12 5 -13 5 -14 5 -15 5#
fixed speed = 0.061421
Got length 24 message
MC
32 9 23 -71
1806 203

Got map chunk with bin size 1806, compressed size 203
Got length 25 message
MC
11 21 23 -62
1472 196

Got map chunk with bin size 1472, compressed size 196
Got length 90 message
PU
8893404 353 0 0 0 0 0 0 0 0 -1 0.07 0 0 55 -61 14.72 60.00 3.75 0;0;0;0;0;0 0 0 -1 0 0

PLAYER_UPDATE with heldOrVal=0, heldOrx=0, heldOry=0, pX=55, pY=-61, heldTransSrcID=-1, holdingString=0
Got length 124 message
PM
8893404 55 -61 5.169 5.169 0 0 -1 -1 0 -2 1 -3 2 -4 3 -5 4 -6 5 -7 5 -8 5 -9 5 -10 5 -11 5 -12 5 -13 5 -14 5 -15 5 -16 5

Got length 24 message
MC
32 6 39 -77
1183 133

Got map chunk with bin size 1183, compressed size 133
Got length 25 message
MC
16 24 55 -71
2418 250

Got map chunk with bin size 2418, compressed size 250
Got length 24 message
MC
32 6 23 -47
1196 154

Got map chunk with bin size 1196, compressed size 154
Got length 25 message
MC
16 24 23 -71
2441 298

Got map chunk with bin size 2441, compressed size 298
clickDestX,Y = 38, -60,  mapX,Y = 39, 31, curX,Y = 39, -56
DestID = 0
Path found in 0.000000 ms
Sending message to server: MOVE 53 -60 @143 -1 0 -2 0 -3 0 -4 0 -5 0 -6 0 -7 0 -8 0 -9 0 -10 -1 -11 0 -12 0 -13 -1 -14 0 -15 0#
fixed speed = 0.056405
Got length 23 message
MC
32 5 38 -76
983 112

Got map chunk with bin size 983, compressed size 112
Got length 25 message
MC
15 25 55 -71
2359 244

Got map chunk with bin size 2359, compressed size 244
Got length 90 message
PU
8893404 353 0 0 0 0 0 0 0 0 -1 0.07 0 0 55 -62 14.72 60.00 3.75 0;0;0;0;0;0 0 0 -1 0 0

PLAYER_UPDATE with heldOrVal=0, heldOrx=0, heldOry=0, pX=55, pY=-62, heldTransSrcID=-1, holdingString=0
Got length 125 message
PM
8893404 55 -62 5.152 5.152 0 -1 1 -2 2 -3 2 -4 2 -5 2 -6 2 -7 2 -8 2 -9 2 -10 2 -11 2 -12 1 -13 2 -14 2 -15 1 -16 2 -17 2

Got length 22 message
MC
32 1 22 -46
200 58

Got map chunk with bin size 200, compressed size 58
Got length 25 message
MC
16 29 22 -75
2937 331

Got map chunk with bin size 2937, compressed size 331
clickDestX,Y = 35, -62,  mapX,Y = 37, 31, curX,Y = 38, -60
DestID = 0
Path not found in 1.000166 ms
Path found in 0.000000 ms
Sending message to server: MOVE 53 -60 @144 -1 -1 -2 -2 -3 -2 -4 -2 -5 -2 -6 -2 -7 -2 -8 -2 -9 -2 -10 -2 -11 -2 -12 -2 -13 -2 -14 -3 -15 -2 -16 -2#
fixed speed = 0.058523
Got length 25 message
MC
15 30 54 -75
2814 272

Got map chunk with bin size 2814, compressed size 272
Got length 90 message
PU
8893404 353 0 0 0 0 0 0 0 0 -1 0.07 0 0 54 -61 14.73 60.00 3.75 0;0;0;0;0;0 0 0 -1 0 0

PLAYER_UPDATE with heldOrVal=0, heldOrx=0, heldOry=0, pX=54, pY=-61, heldTransSrcID=-1, holdingString=0
Got length 140 message
PM
8893404 54 -61 5.210 5.210 0 -1 1 -2 0 -3 -1 -4 -1 -5 -1 -6 -1 -7 -1 -8 -1 -9 -1 -10 -1 -11 -1 -12 -1 -13 -1 -14 -1 -15 -2 -16 -1 -17 -1

Got length 191 message
MX
45 -68 0 5862 -1 49 -64 4.000000
49 -64 0 0 -1
56 -84 0 5191 -1 58 -84 4.000000
58 -84 0 0 -1
50 -83 0 5192 -1 46 -79 4.000000
46 -79 0 0 -1
39 -81 0 5189 -1 35 -85 4.000000
35 -85 0 0 -1

New placement, responsible=-1
New placement, responsible=-1
New placement, responsible=-1
Got length 22 message
MC
32 2 21 -77
400 76

Got map chunk with bin size 400, compressed size 76
Got length 25 message
MC
16 28 21 -75
2848 324

Got map chunk with bin size 2848, compressed size 324
Got length 50 message
MX
27 -59 0 5189 -1 21 -59 4.000000
21 -59 0 0 -1

clickDestX,Y = 35, -62,  mapX,Y = 38, 31, curX,Y = 37, -62
DestID = 0
Path not found in 0.999928 ms
Path found in 0.000000 ms
Sending message to server: MOVE 52 -61 @145 -1 -1 -2 -1 -3 -1 -4 -1 -5 -1 -6 -1 -7 -1 -8 -1 -9 -1 -10 -1 -11 -1 -12 -1 -13 -2 -14 -1 -15 -1 -16 -1#
fixed speed = 0.058433
Got length 22 message
MC
32 2 37 -47
397 74

Got map chunk with bin size 397, compressed size 74
Got length 25 message
MC
16 28 53 -75
2803 271

Got map chunk with bin size 2803, compressed size 271
Got length 90 message
PU
8893404 353 0 0 0 0 0 0 0 0 -1 0.07 0 0 54 -61 14.73 60.00 3.75 0;0;0;0;0;0 0 0 -1 0 0

PLAYER_UPDATE with heldOrVal=0, heldOrx=0, heldOry=0, pX=54, pY=-61, heldTransSrcID=-1, holdingString=0
Got length 147 message
PM
8893404 54 -61 5.196 5.196 0 -1 1 -2 0 -3 -1 -4 -1 -5 -1 -6 -1 -7 -1 -8 -1 -9 -1 -10 -1 -11 -1 -12 -1 -13 -1 -14 -1 -15 -2 -16 -1 -17 -1 -18 -1

Got length 22 message
MC
32 2 20 -77
402 77

Got map chunk with bin size 402, compressed size 77
Got length 25 message
MC
17 28 20 -75
3029 344

Got map chunk with bin size 3029, compressed size 344
Got length 14 message
PE
8893309 13

clickDestX,Y = 35, -62,  mapX,Y = 39, 31, curX,Y = 36, -62
DestID = 0
Path not found in 0.000000 ms
Frame rate = 45.662099 frames/second
clickDestX,Y = 34, -62,  mapX,Y = 38, 31, curX,Y = 36, -62
DestID = 0
Path not found in 0.000000 ms
Got length 17 message
HX
0.07 6.89 0.00
clickDestX,Y = 34, -62,  mapX,Y = 38, 31, curX,Y = 36, -62
DestID = 0
Path not found in 0.999928 ms
Path found in 0.000000 ms
Sending message to server: MOVE 51 -62 @146 -1 0 -2 0 -3 0 -4 0 -5 0 -6 0 -7 0 -8 0 -9 0 -10 0 -11 0 -12 -1 -13 0 -14 0 -15 0 -16 0#
fixed speed = 0.059327
Got length 25 message
MC
15 30 52 -77
2802 265

Got map chunk with bin size 2802, compressed size 265
Got length 90 message
PU
8893404 353 0 0 0 0 0 0 0 0 -1 0.07 0 0 52 -61 14.74 60.00 3.75 0;0;0;0;0;0 0 0 -1 0 0

PLAYER_UPDATE with heldOrVal=0, heldOrx=0, heldOry=0, pX=52, pY=-61, heldTransSrcID=-1, holdingString=0
Got length 142 message
PM
8893404 52 -61 5.018 5.018 0 -1 -1 -2 -1 -3 -1 -4 -1 -5 -1 -6 -1 -7 -1 -8 -1 -9 -1 -10 -1 -11 -1 -12 -1 -13 -2 -14 -1 -15 -1 -16 -1 -17 -1

Got length 25 message
MC
16 30 19 -77
3066 347

Got map chunk with bin size 3066, compressed size 347
clickDestX,Y = 33, -63,  mapX,Y = 38, 31, curX,Y = 35, -62
DestID = 0
Path not found in 0.000000 ms
Path found in 0.000000 ms
Sending message to server: MOVE 51 -62 @147 -1 -1 -2 -1 -3 -1 -4 -1 -5 -1 -6 -1 -7 -1 -8 -1 -9 -1 -10 -2 -11 -1 -12 -1 -13 -1 -14 -1 -15 -1 -16 -1#
fixed speed = 0.058433
Got length 22 message
MC
32 1 34 -78
195 45

Got map chunk with bin size 195, compressed size 45
Got length 25 message
MC
15 29 51 -77
2706 250

Got map chunk with bin size 2706, compressed size 250
Got length 90 message
PU
8893404 353 0 0 0 0 0 0 0 0 -1 0.07 0 0 51 -62 14.74 60.00 3.75 0;0;0;0;0;0 0 0 -1 0 0

PLAYER_UPDATE with heldOrVal=0, heldOrx=0, heldOry=0, pX=51, pY=-62, heldTransSrcID=-1, holdingString=0
Got length 135 message
PM
8893404 51 -62 4.767 4.767 0 -1 -1 -2 -1 -3 -1 -4 -1 -5 -1 -6 -1 -7 -1 -8 -1 -9 -1 -10 -2 -11 -1 -12 -1 -13 -1 -14 -1 -15 -1 -16 -1

Got length 25 message
MC
15 30 19 -78
2875 319

Got map chunk with bin size 2875, compressed size 319
Got length 33 message
MX
55 -61 0 51 -1
32 -44 0 52 -1

New placement, responsible=-1
clickDestX,Y = 32, -63,  mapX,Y = 38, 32, curX,Y = 35, -63
DestID = 0
Path not found in 0.000000 ms
Path found in 0.000000 ms
Sending message to server: MOVE 50 -63 @148 -1 0 -2 0 -3 0 -4 0 -5 0 -6 0 -7 0 -8 0 -9 -1 -10 0 -11 0 -12 0 -13 0 -14 0 -15 0 -16 0#
fixed speed = 0.059327
Got length 25 message
MC
14 30 51 -78
2611 235

Got map chunk with bin size 2611, compressed size 235
Got length 90 message
PU
8893404 353 0 0 0 0 0 0 0 0 -1 0.07 0 0 50 -63 14.75 60.00 3.75 0;0;0;0;0;0 0 0 -1 0 0

PLAYER_UPDATE with heldOrVal=0, heldOrx=0, heldOry=0, pX=50, pY=-63, heldTransSrcID=-1, holdingString=0
Got length 120 message
PM
8893404 50 -63 4.449 4.449 0 -1 0 -2 0 -3 0 -4 0 -5 0 -6 0 -7 0 -8 0 -9 -1 -10 0 -11 0 -12 0 -13 0 -14 0 -15 0 -16 0

Got length 25 message
MC
15 30 18 -78
2880 334

Got map chunk with bin size 2880, compressed size 334
Got length 50 message
MX
18 -71 0 1435 -1 18 -67 4.000000
18 -67 0 0 -1

New placement, responsible=-1
Got length 13 message
PE
8893371 1

Got length 25 message
FX
14 19 0 0 3.75 -1 0 0

Our food = 14/19
clickDestX,Y = 31, -63,  mapX,Y = 38, 32, curX,Y = 34, -63
DestID = 0
Path not found in 0.999928 ms
Path found in 0.000000 ms
Sending message to server: MOVE 49 -63 @149 -1 0 -2 0 -3 0 -4 0 -5 0 -6 0 -7 0 -8 -1 -9 0 -10 0 -11 0 -12 0 -13 0 -14 0 -15 0 -16 0#
fixed speed = 0.059327
Got length 25 message
MC
14 30 50 -78
2609 251

Got map chunk with bin size 2609, compressed size 251
Got length 90 message
PU
8893404 353 0 0 0 0 0 0 0 0 -1 0.07 0 0 49 -63 14.75 60.00 3.75 0;0;0;0;0;0 0 0 -1 0 0

PLAYER_UPDATE with heldOrVal=0, heldOrx=0, heldOry=0, pX=49, pY=-63, heldTransSrcID=-1, holdingString=0
Got length 120 message
PM
8893404 49 -63 4.525 4.525 0 -1 0 -2 0 -3 0 -4 0 -5 0 -6 0 -7 0 -8 -1 -9 0 -10 0 -11 0 -12 0 -13 0 -14 0 -15 0 -16 0

Got length 25 message
MC
15 30 17 -78
2892 349

Got map chunk with bin size 2892, compressed size 349
Got length 50 message
MX
22 -49 0 5187 -1 17 -54 4.000000
17 -54 0 0 -1

clickDestX,Y = 31, -63,  mapX,Y = 39, 32, curX,Y = 33, -63
DestID = 0
Path not found in 0.999928 ms
Got length 96 message
MX
41 -89 0 5177 -1 38 -92 4.000000
38 -92 0 0 -1
38 -91 0 418 -1 38 -87 4.000000
38 -87 0 0 -1

New placement, responsible=-1
New placement, responsible=-1
Got length 14 message
PE
8893377 37

Frame rate = 48.355898 frames/second
Got length 17 message
HX
0.07 6.89 0.00
Got length 14 message
PE
8839322 13

Got length 252 message
MX
45 -72 0 5862 -1 45 -68 4.000000
45 -68 0 0 -1
47 -47 0 2174 -1 46 -48 4.000000
46 -48 0 0 -1
23 -63 0 5188 -1 27 -59 4.000000
27 -59 0 0 -1
56 -84 0 0 -1
46 -83 0 5191 -1 50 -83 4.000000
50 -83 0 0 -1
35 -77 0 5188 -1 39 -81 4.000000
39 -81 0 0 -1

New placement, responsible=-1
New placement, responsible=-1
New placement, responsible=-1
Got length 14 message
PE
8893363 13

Got length 14 message
PE
8893341 13

Got length 159 message
MX
58 -61 0 51 -1
22 -54 0 5186 -1 22 -49 4.000000
22 -49 0 0 -1
19 -72 0 5864 -1 18 -71 4.000000
18 -71 0 0 -1
53 -86 0 2174 -1 51 -86 4.000000
51 -86 0 0 -1

New placement, responsible=-1
Got length 17 message
HX
0.07 6.89 0.00
Frame rate = 48.614489 frames/second
clickDestX,Y = 26, -67,  mapX,Y = 34, 28, curX,Y = 33, -63
DestID = 0
Path found in 0.000000 ms
Sending message to server: MOVE 41 -64 @150 -1 -1 -2 -2 -3 -2 -4 -3 -5 -3 -6 -3 -7 -3 -8 -3 -9 -3 -10 -3 -11 -3 -12 -3 -13 -3 -14 -3 -15 -3#
fixed speed = 0.059219
Got length 22 message
MC
32 1 25 -79
193 39

Got map chunk with bin size 193, compressed size 39
Got length 24 message
MC
8 29 49 -78
1439 171

Got map chunk with bin size 1439, compressed size 171
Got length 90 message
PU
8893404 353 0 0 0 0 0 0 0 0 -1 0.07 0 0 38 -63 14.80 60.00 3.75 0;0;0;0;0;0 0 0 -1 0 0

PLAYER_UPDATE with heldOrVal=0, heldOrx=0, heldOry=0, pX=38, pY=-63, heldTransSrcID=-1, holdingString=0
Got length 135 message
PM
8893404 38 -63 5.174 5.174 0 1 0 2 0 3 -1 2 -2 1 -3 0 -3 -1 -4 -2 -4 -3 -4 -4 -4 -5 -4 -6 -4 -7 -4 -8 -4 -9 -4 -10 -4 -11 -4 -12 -4

Got length 22 message
MC
32 3 10 -82
595 79

Got map chunk with bin size 595, compressed size 79
Got length 25 message
MC
15 27 10 -79
2613 319

Got map chunk with bin size 2613, compressed size 319
Got length 190 message
MX
20 -72 0 5862 -1 16 -76 4.000000
16 -76 0 0 -1
12 -69 0 5862 -1 15 -69 4.000000
15 -69 0 0 -1
5 -70 0 5189 -1 10 -65 4.000000
10 -65 0 0 -1
18 -60 0 5189 -1 14 -60 4.000000
14 -60 0 0 -1

New placement, responsible=-1
New placement, responsible=-1
clickDestX,Y = 26, -70,  mapX,Y = 41, 28, curX,Y = 26, -67
DestID = 0
Path found in 0.000000 ms
Sending message to server: MOVE 41 -64 @151 -1 -1 -2 -2 -3 -2 -4 -3 -5 -4 -6 -5 -7 -6 -8 -6 -9 -6 -10 -6 -11 -6 -12 -6 -13 -6 -14 -6 -15 -6#
fixed speed = 0.059440
Got length 157 message
MX
31 -95 0 2174 -1 37 -95 4.000000
37 -95 0 0 -1
37 -85 0 532 -1 41 -89 2.000000
41 -89 0 0 -1
38 -87 0 418 -1 38 -91 4.000000
38 -91 0 0 -1
35 -39 0 52 -1

New placement, responsible=-1
New placement, responsible=-1
New placement, responsible=-1
Got length 23 message
MC
32 3 25 -52
617 120

Got map chunk with bin size 617, compressed size 120
Got length 25 message
MC
15 27 42 -79
2529 286

Got map chunk with bin size 2529, compressed size 286
Got length 133 message
PM
8893404 39 -63 5.268 5.266 0 1 0 2 -1 1 -2 0 -3 -1 -3 -2 -4 -3 -5 -4 -6 -5 -7 -6 -7 -7 -7 -8 -7 -9 -7 -10 -7 -11 -7 -12 -7 -13 -7

Got length 24 message
MC
32 6 10 -85
1189 121

Got map chunk with bin size 1189, compressed size 121
Got length 25 message
MC
15 24 10 -79
2319 287

Got map chunk with bin size 2319, compressed size 287
Got length 13 message
PE
8893402 6

clickDestX,Y = 26, -77,  mapX,Y = 41, 22, curX,Y = 26, -70
DestID = 0
Path found in 0.000000 ms
Sending message to server: MOVE 39 -66 @152 -1 0 -2 -1 -3 -2 -4 -3 -5 -4 -6 -5 -7 -6 -8 -7 -9 -8 -10 -9 -11 -10 -12 -11 -13 -11#
fixed speed = 0.060435
Got length 24 message
MC
32 5 24 -55
1023 164

Got map chunk with bin size 1023, compressed size 164
Got length 25 message
MC
14 25 42 -80
2191 266

Got map chunk with bin size 2191, compressed size 266
Got length 25 message
MC
32 12 11 -92
2375 192

Got map chunk with bin size 2375, compressed size 192
Got length 25 message
MC
13 18 11 -80
1493 196

Got map chunk with bin size 1493, compressed size 196
Got length 90 message
PU
8893404 353 0 0 0 0 0 0 0 0 -1 0.07 0 0 41 -64 14.82 60.00 3.75 0;0;0;0;0;0 0 0 -1 0 0

PLAYER_UPDATE with heldOrVal=0, heldOrx=0, heldOry=0, pX=41, pY=-64, heldTransSrcID=-1, holdingString=0
Got length 133 message
PM
8893404 41 -64 5.461 5.461 0 -1 -1 -2 -2 -3 -2 -4 -3 -5 -4 -6 -5 -7 -6 -8 -7 -9 -8 -10 -9 -11 -10 -12 -11 -13 -12 -14 -13 -15 -13

Got length 49 message
MX
9 -89 0 5868 -1 14 -89 4.000000
14 -89 0 0 -1

New placement, responsible=-1
Got length 191 message
MX
27 -59 0 5187 -1 23 -63 4.000000
23 -63 0 0 -1
45 -68 0 5862 -1 45 -72 4.000000
45 -72 0 0 -1
46 -79 0 5190 -1 46 -83 4.000000
46 -83 0 0 -1
35 -81 0 5187 -1 35 -77 4.000000
35 -77 0 0 -1

New placement, responsible=-1
clickDestX,Y = 37, -66,  mapX,Y = 52, 37, curX,Y = 26, -77
DestID = 0
Path found in 0.000000 ms
Sending message to server: MOVE 38 -66 @153 -1 0#
fixed speed = 0.062500
Got length 25 message
MC
32 11 21 -62
2246 283

Got map chunk with bin size 2246, compressed size 283
Got length 25 message
MC
10 19 43 -81
1198 166

Got map chunk with bin size 1198, compressed size 166
Got length 50 message
PM
8893404 40 -65 0.742 0.742 0 -1 -1 -2 -1 -3 -1

clickDestX,Y = 36, -66,  mapX,Y = 20, 38, curX,Y = 37, -66
DestID = 0
Path found in 0.000000 ms
Sending message to server: MOVE 37 -66 @154 -1 0#
fixed speed = 0.062500
Got length 47 message
PM
8893404 39 -66 0.932 0.932 0 -1 0 -2 0 -3 0

Got length 17 message
HX
0.07 6.89 0.00
clickDestX,Y = 35, -67,  mapX,Y = 19, 37, curX,Y = 36, -66
DestID = 0
Path found in 0.000000 ms
Sending message to server: MOVE 36 -66 @155 -1 -1#
fixed speed = 0.062500
Got length 48 message
PM
8893404 38 -66 0.892 0.892 0 -1 0 -2 0 -3 -1

Frame rate = 47.036690 frames/second
clickDestX,Y = 35, -68,  mapX,Y = 19, 36, curX,Y = 35, -67
DestID = 0
Path found in 0.000000 ms
Sending message to server: MOVE 36 -66 @156 -1 -1 -1 -2#
fixed speed = 0.055592
Got length 49 message
PM
8893404 37 -66 0.891 0.889 0 -1 0 -2 -1 -2 -2

clickDestX,Y = 34, -68,  mapX,Y = 18, 36, curX,Y = 35, -68
DestID = 0
Path found in 0.000000 ms
Sending message to server: MOVE 35 -67 @157 -1 -1#
fixed speed = 0.062500
Got compressed message header:
CM
283 121


Got length 49 message
PM
8893404 37 -66 0.896 0.894 0 -1 0 -2 -1 -3 -2

Got length 283 message
MX
26 -54 0 5185 -1 22 -54 4.000000
22 -54 0 0 -1
14 -60 0 5188 -1 18 -60 4.000000
18 -60 0 0 -1
15 -68 0 5864 -1 19 -72 4.000000
19 -72 0 0 -1
12 -68 0 5862 -1 12 -69 4.000000
12 -69 0 0 -1
16 -76 0 5862 -1 20 -72 4.000000
20 -72 0 0 -1
8 -67 0 5188 -1 5 -70 4.000000
5 -70 0 0 -1
#
New placement, responsible=-1
Got length 14 message
PE
8893388 13

clickDestX,Y = 34, -69,  mapX,Y = 18, 35, curX,Y = 34, -68
DestID = 0
Path found in 0.000000 ms
Sending message to server: MOVE 35 -67 @158 -1 -1 -1 -2#
fixed speed = 0.055592
clickDestX,Y = 33, -69,  mapX,Y = 17, 35, curX,Y = 34, -69
DestID = 0
Path found in 0.000000 ms
Sending message to server: MOVE 34 -68 @159 -1 -1#
fixed speed = 0.062500
Got length 44 message
PM
8893404 35 -67 0.810 0.810 0 -1 -1 -1 -2

Got length 44 message
PM
8893404 35 -67 0.722 0.722 0 -1 -1 -2 -2

clickDestX,Y = 33, -70,  mapX,Y = 17, 34, curX,Y = 33, -69
DestID = 0
Path found in 0.000000 ms
Sending message to server: MOVE 34 -68 @160 -1 -1 -1 -2#
fixed speed = 0.055592
clickDestX,Y = 32, -70,  mapX,Y = 16, 34, curX,Y = 33, -70
DestID = 0
Path found in 0.000000 ms
Sending message to server: MOVE 33 -69 @161 -1 -1#
fixed speed = 0.062500
Got length 44 message
PM
8893404 34 -68 0.575 0.575 0 -1 -1 -1 -2

Got length 44 message
PM
8893404 34 -68 0.730 0.730 0 -1 -1 -2 -2

Got length 189 message
MX
13 -89 0 5867 -1 9 -89 4.000000
9 -89 0 0 -1
55 -92 0 5204 -1 59 -92 2.000000
34 -39 0 52 -1
34 -83 0 418 -1 38 -87 4.000000
38 -87 0 0 -1
41 -89 0 5204 -1 37 -85 2.000000
37 -85 0 0 -1

New placement, responsible=-1
clickDestX,Y = 31, -71,  mapX,Y = 15, 33, curX,Y = 32, -70
DestID = 0
Path found in 0.000000 ms
Sending message to server: MOVE 32 -70 @162 -1 -1#
fixed speed = 0.062500
Got length 44 message
PM
8893404 33 -69 0.649 0.649 0 -1 -1 -2 -2

Got length 25 message
FX
13 19 0 0 3.75 -1 0 0

Our food = 13/19
Got length 17 message
HX
0.07 6.89 0.00
Frame rate = 48.192770 frames/second
clickDestX,Y = 30, -72,  mapX,Y = 14, 32, curX,Y = 31, -71
DestID = 0
Path found in 0.000000 ms
Sending message to server: MOVE 31 -71 @163 -1 -1#
fixed speed = 0.062500
Got length 44 message
PM
8893404 32 -70 0.573 0.573 0 -1 -1 -2 -2

Got length 159 message
MX
30 -56 0 5186 -1 27 -59 4.000000
27 -59 0 0 -1
36 -41 0 52 -1
41 -68 0 5862 -1 45 -68 4.000000
45 -68 0 0 -1
46 -83 0 5189 -1 46 -79 4.000000
46 -79 0 0 -1

New placement, responsible=-1
New placement, responsible=-1
Got length 14 message
PE
8893309 13

clickDestX,Y = 29, -73,  mapX,Y = 13, 31, curX,Y = 30, -72
DestID = 0
Path found in 0.000000 ms
Sending message to server: MOVE 30 -72 @164 -1 -1#
fixed speed = 0.062500
Got length 24 message
MC
32 7 13 -88
1383 129

Got map chunk with bin size 1383, compressed size 129
Got length 24 message
MC
8 23 13 -81
1167 157

Got map chunk with bin size 1167, compressed size 157
Got length 38 message
PM
8893404 30 -72 0.497 0.497 0 -1 -1

clickDestX,Y = 28, -74,  mapX,Y = 43, 28, curX,Y = 29, -73
DestID = 0
Path found in 0.000000 ms
Sending message to server: MOVE 29 -73 @165 -1 -1#
fixed speed = 0.062500
Got length 90 message
PU
8893404 353 0 0 0 0 0 0 0 0 -1 0.07 0 0 29 -73 14.89 60.00 3.75 0;0;0;0;0;0 0 0 -1 0 0

PLAYER_UPDATE with heldOrVal=0, heldOrx=0, heldOry=0, pX=29, pY=-73, heldTransSrcID=-1, holdingString=0
Got length 38 message
PM
8893404 29 -73 0.409 0.408 0 -1 -1

Got compressed message header:
CM
330 134


Got length 330 message
MX
39 -85 0 5186 -1 35 -81 4.000000
35 -81 0 0 -1
26 -57 0 5184 -1 26 -54 4.000000
26 -54 0 0 -1
10 -60 0 5187 -1 14 -60 4.000000
14 -60 0 0 -1
15 -72 0 5864 -1 15 -68 4.000000
15 -68 0 0 -1
10 -66 0 5861 -1 12 -68 4.000000
12 -68 0 0 -1
13 -73 0 5862 -1 16 -76 4.000000
16 -76 0 0 -1
5 -70 0 5187 -1 8 -67 4.000000
8 -67 0 0 -1
#
New placement, responsible=-1
New placement, responsible=-1
New placement, responsible=-1
New placement, responsible=-1
New placement, responsible=-1
Got length 92 message
PU
8893404 353 0 0 0 0 0 0 0 0 -1 0.07 165 0 28 -74 14.90 60.00 3.75 0;0;0;0;0;0 0 0 -1 0 0

PLAYER_UPDATE with heldOrVal=0, heldOrx=0, heldOry=0, pX=28, pY=-74, heldTransSrcID=-1, holdingString=0
clickDestX,Y = 27, -75,  mapX,Y = 42, 27, curX,Y = 28, -74
DestID = 0
Path found in 0.000000 ms
Sending message to server: MOVE 28 -74 @166 -1 -1#
fixed speed = 0.062500
Got length 38 message
PM
8893404 28 -74 0.377 0.377 0 -1 -1

Got length 13 message
PE
8893371 1

Got length 17 message
HX
0.07 6.89 0.00
Got length 92 message
PU
8893404 353 0 0 0 0 0 0 0 0 -1 0.07 166 0 27 -75 14.90 60.00 3.75 0;0;0;0;0;0 0 0 -1 0 0

PLAYER_UPDATE with heldOrVal=0, heldOrx=0, heldOry=0, pX=27, pY=-75, heldTransSrcID=-1, holdingString=0
clickDestX,Y = 26, -76,  mapX,Y = 41, 26, curX,Y = 27, -75
DestID = 0
Path found in 0.000000 ms
Sending message to server: MOVE 27 -75 @167 -1 -1#
fixed speed = 0.062500
Got length 38 message
PM
8893404 27 -75 0.377 0.377 0 -1 -1

Frame rate = 48.756701 frames/second
Got length 143 message
MX
34 -87 0 418 -1 34 -83 4.000000
34 -83 0 0 -1
17 -89 0 5866 -1 13 -89 4.000000
13 -89 0 0 -1
46 -84 0 5203 -1 41 -89 2.000000
41 -89 0 0 -1

New placement, responsible=-1
New placement, responsible=-1
Got length 92 message
PU
8893404 353 0 0 0 0 0 0 0 0 -1 0.07 167 0 26 -76 14.91 60.00 3.75 0;0;0;0;0;0 0 0 -1 0 0

PLAYER_UPDATE with heldOrVal=0, heldOrx=0, heldOry=0, pX=26, pY=-76, heldTransSrcID=-1, holdingString=0
Got length 14 message
PE
8893377 37

clickDestX,Y = 25, -77,  mapX,Y = 40, 25, curX,Y = 26, -76
DestID = 0
Path found in 0.000000 ms
Sending message to server: MOVE 26 -76 @168 -1 -1#
fixed speed = 0.062500
Got length 14 message
PE
8839322 13

Got length 38 message
PM
8893404 26 -76 0.377 0.377 0 -1 -1

Got length 92 message
PU
8893404 353 0 0 0 0 0 0 0 0 -1 0.07 168 0 25 -77 14.92 60.00 3.75 0;0;0;0;0;0 0 0 -1 0 0

PLAYER_UPDATE with heldOrVal=0, heldOrx=0, heldOry=0, pX=25, pY=-77, heldTransSrcID=-1, holdingString=0
clickDestX,Y = 25, -77,  mapX,Y = 40, 25, curX,Y = 25, -77
DestID = 0
clickDestX,Y = 25, -77,  mapX,Y = 40, 25, curX,Y = 25, -77
DestID = 0
clickDestX,Y = 25, -77,  mapX,Y = 40, 25, curX,Y = 25, -77
DestID = 0
clickDestX,Y = 24, -78,  mapX,Y = 39, 24, curX,Y = 25, -77
DestID = 0
Path found in 0.000000 ms
Sending message to server: MOVE 25 -77 @169 -1 -1#
fixed speed = 0.062500
Got length 38 message
PM
8893404 25 -77 0.377 0.377 0 -1 -1

clickDestX,Y = 19, -86,  mapX,Y = 34, 16, curX,Y = 24, -78
DestID = 0
Path found in 0.000000 ms
Sending message to server: MOVE 25 -77 @170 -1 -1 -2 -2 -3 -3 -4 -4 -5 -5 -6 -6 -6 -7 -7 -8 -6 -9#
fixed speed = 0.058243
Got length 144 message
MX
49 -86 0 5188 -1 46 -83 4.000000
46 -83 0 0 -1
28 -56 0 5185 -1 30 -56 4.000000
30 -56 0 0 -1
37 -72 0 5862 -1 41 -68 4.000000
41 -68 0 0 -1

New placement, responsible=-1
Got length 25 message
MC
32 13 3 -101
2600 277

Got map chunk with bin size 2600, compressed size 277
Got length 24 message
MC
10 17 3 -88
1100 155

Got map chunk with bin size 1100, compressed size 155
Got length 86 message
PM
8893404 25 -77 2.907 2.904 0 -1 -1 -2 -2 -3 -3 -4 -4 -5 -5 -6 -6 -6 -7 -7 -8 -6 -9

Got length 23 message
MC
32 8 8 -71
1620 211

Got map chunk with bin size 1620, compressed size 211
Got length 22 message
MC
5 22 35 -93
669 69

Got map chunk with bin size 669, compressed size 69
Got length 111 message
MX
26 -101 0 50 -1
12 -99 0 50 -1
20 -99 0 50 -1
25 -99 0 52 -1
31 -90 0 2174 -1 31 -95 4.000000
31 -95 0 0 -1

New placement, responsible=-1
clickDestX,Y = 20, -88,  mapX,Y = 15, 26, curX,Y = 19, -86
DestID = 0
Path found in 0.000000 ms
Sending message to server: MOVE 24 -78 @171 -1 -1 -2 -2 -3 -3 -4 -4 -4 -5 -4 -6 -4 -7 -4 -8 -4 -9 -4 -10#
fixed speed = 0.060932
Got length 25 message
MC
32 10 4 -103
2002 227

Got map chunk with bin size 2002, compressed size 227
Got length 21 message
MC
4 20 4 -93
523 96

Got map chunk with bin size 523, compressed size 96
Got length 93 message
PM
8893404 24 -78 3.288 3.288 0 -1 -1 -2 -2 -3 -3 -4 -4 -4 -5 -4 -6 -4 -7 -4 -8 -4 -9 -4 -10

Got length 23 message
MC
32 9 7 -73
1823 241

Got map chunk with bin size 1823, compressed size 241
Got length 22 message
MC
3 21 36 -94
377 40

Got map chunk with bin size 377, compressed size 40
Got length 19 message
MX
27 -103 0 50 -1

New placement, responsible=-1
Got length 24 message
MC
32 9 4 -103
1805 212

Got map chunk with bin size 1805, compressed size 212
Got length 21 message
MC
3 21 4 -94
410 83

Got map chunk with bin size 410, compressed size 83
clickDestX,Y = 17, -92,  mapX,Y = 44, 24, curX,Y = 20, -88
DestID = 49
Path found in 0.000000 ms
Path found in 0.000000 ms
Path found in 0.000000 ms
Path found in 0.000000 ms
Path found in 0.000000 ms
Sending message to server: MOVE 24 -78 @172 -1 -1 -2 -2 -3 -3 -4 -4 -5 -5 -6 -6 -7 -7 -6 -8 -7 -9 -7 -10 -7 -11 -7 -12 -7 -13#
fixed speed = 0.059309
Got length 23 message
MC
32 9 7 -73
1823 241

Got map chunk with bin size 1823, compressed size 241
Got length 22 message
MC
3 21 36 -94
377 40

Got map chunk with bin size 377, compressed size 40
Got length 90 message
PU
8893404 353 0 0 0 0 0 0 0 0 -1 0.07 0 0 24 -78 14.93 60.00 3.75 0;0;0;0;0;0 0 0 -1 0 0

PLAYER_UPDATE with heldOrVal=0, heldOrx=0, heldOry=0, pX=24, pY=-78, heldTransSrcID=-1, holdingString=0
Got length 114 message
PM
8893404 24 -78 4.264 4.263 0 -1 -1 -2 -2 -3 -3 -4 -4 -5 -5 -6 -6 -7 -7 -6 -8 -7 -9 -7 -10 -7 -11 -7 -12 -7 -13

Got length 25 message
MC
32 12 1 -106
2411 278

Got map chunk with bin size 2411, compressed size 278
Got length 22 message
MC
6 18 1 -94
689 114

Got map chunk with bin size 689, compressed size 114
Got length 17 message
HX
0.07 6.89 0.00
clickDestX,Y = 13, -95,  mapX,Y = 41, 22, curX,Y = 17, -91
DestID = 0
Path not found in 0.000000 ms
Path found in 0.000000 ms
Sending message to server: MOVE 24 -78 @173 -1 -1 -2 -2 -3 -3 -4 -4 -5 -5 -6 -6 -7 -7 -8 -7 -9 -8 -10 -9 -10 -10 -10 -11 -10 -12 -10 -13 -10 -14 -10 -15 -10 -16#
fixed speed = 0.059899
Got length 24 message
MC
32 12 7 -76
2421 283

Got map chunk with bin size 2421, compressed size 283
Got length 22 message
MC
6 18 33 -94
651 60

Got map chunk with bin size 651, compressed size 60
Got length 90 message
PU
8893404 353 0 0 0 0 0 0 0 0 -1 0.07 0 0 24 -78 14.94 60.00 3.75 0;0;0;0;0;0 0 0 -1 0 0

PLAYER_UPDATE with heldOrVal=0, heldOrx=0, heldOry=0, pX=24, pY=-78, heldTransSrcID=-1, holdingString=0
Got length 149 message
PM
8893404 24 -78 5.308 5.308 0 -1 -1 -2 -2 -3 -3 -4 -4 -5 -5 -6 -6 -7 -7 -8 -7 -9 -8 -10 -9 -10 -10 -10 -11 -10 -12 -10 -13 -10 -14 -10 -15 -10 -16

Got length 26 message
MC
32 15 -2 -109
3013 322

Got map chunk with bin size 3013, compressed size 322
Got length 23 message
MC
9 15 -2 -94
853 121

Got map chunk with bin size 853, compressed size 121
Got length 19 message
MX
17 -107 0 51 -1

Got length 14 message
PE
8893341 13

Frame rate = 45.248873 frames/second
Got length 235 message
MX
35 -85 0 5185 -1 39 -85 4.000000
39 -85 0 0 -1
17 -74 0 5863 -1 15 -72 4.000000
15 -72 0 0 -1
10 -68 0 1436 -1 10 -66 4.000000
10 -66 0 0 -1
17 -69 0 5862 -1 13 -73 4.000000
13 -73 0 0 -1
1 -66 0 5186 -1 5 -70 4.000000
5 -70 0 0 -1

New placement, responsible=-1
New placement, responsible=-1
New placement, responsible=-1
clickDestX,Y = 9, -99,  mapX,Y = 39, 20, curX,Y = 14, -94
DestID = 0
Path not found in 1.999855 ms
Path found in 0.000000 ms
Sending message to server: MOVE 23 -79 @174 -1 -1 -2 -2 -3 -3 -4 -4 -5 -5 -6 -6 -7 -6 -8 -7 -9 -8 -10 -9 -11 -10 -12 -11 -13 -12 -14 -13 -15 -14 -15 -15 -15 -16#
fixed speed = 0.060126
Got length 24 message
MC
32 14 6 -79
2836 298

Got map chunk with bin size 2836, compressed size 298
Got length 22 message
MC
8 16 30 -95
777 74

Got map chunk with bin size 777, compressed size 74
Got length 90 message
PU
8893404 353 0 0 0 0 0 0 0 0 -1 0.07 0 0 23 -79 14.94 60.00 3.75 0;0;0;0;0;0 0 0 -1 0 0

PLAYER_UPDATE with heldOrVal=0, heldOrx=0, heldOry=0, pX=23, pY=-79, heldTransSrcID=-1, holdingString=0
Got length 149 message
PM
8893404 23 -79 5.944 5.944 0 -1 -1 -2 -2 -3 -3 -4 -4 -5 -5 -6 -6 -7 -6 -8 -7 -9 -8 -10 -9 -11 -10 -12 -11 -13 -12 -14 -13 -15 -14 -15 -15 -15 -16

Got length 26 message
MC
32 15 -8 -110
2984 292

Got map chunk with bin size 2984, compressed size 292
Got length 25 message
MC
14 15 -8 -95
1335 168

Got map chunk with bin size 1335, compressed size 168
clickDestX,Y = 0, -103,  mapX,Y = 33, 17, curX,Y = 8, -95
DestID = 49
Path not found in 0.000000 ms
Path not found in 2.000093 ms
Path not found in 0.000000 ms
Path not found in 0.999928 ms
Path not found in 0.000000 ms
Path found in 0.000000 ms
Sending message to server: MOVE 22 -80 @175 -1 -1 -2 -2 -3 -3 -4 -4 -5 -5 -6 -5 -7 -6 -8 -7 -9 -8 -10 -9 -11 -10 -12 -11 -13 -12 -14 -13 -15 -14 -16 -15 -16 -16#
fixed speed = 0.060167
Got length 24 message
MC
32 14 5 -80
2843 288

Got map chunk with bin size 2843, compressed size 288
Got length 25 message
MC
13 16 24 -96
1266 109

Got map chunk with bin size 1266, compressed size 109
Got length 90 message
PU
8893404 353 0 0 0 0 0 0 0 0 -1 0.07 0 0 22 -80 14.95 60.00 3.75 0;0;0;0;0;0 0 0 -1 0 0

PLAYER_UPDATE with heldOrVal=0, heldOrx=0, heldOry=0, pX=22, pY=-80, heldTransSrcID=-1, holdingString=0
Got length 149 message
PM
8893404 22 -80 6.222 6.222 0 -1 -1 -2 -2 -3 -3 -4 -4 -5 -5 -6 -5 -7 -6 -8 -7 -9 -8 -10 -9 -11 -10 -12 -11 -13 -12 -14 -13 -15 -14 -16 -15 -16 -16

Got length 27 message
MC
32 15 -10 -111
2978 285

Got map chunk with bin size 2978, compressed size 285
Got length 26 message
MC
15 15 -10 -96
1430 168

Got map chunk with bin size 1430, compressed size 168
clickDestX,Y = -1, -100,  mapX,Y = 34, 21, curX,Y = 6, -96
DestID = 0
Path not found in 0.000000 ms
Path found in 0.000000 ms
Sending message to server: MOVE 21 -81 @176 -1 -1 -2 -2 -3 -3 -4 -4 -5 -4 -6 -5 -7 -6 -8 -7 -9 -8 -10 -9 -11 -10 -12 -11 -13 -12 -14 -13 -15 -14 -15 -15 -16 -16#
fixed speed = 0.059428
Got length 16 message
PE
8893384 28 5

Got length 24 message
MC
32 14 4 -81
2852 289

Got map chunk with bin size 2852, compressed size 289
Got length 25 message
MC
14 16 22 -97
1377 148

Got map chunk with bin size 1377, compressed size 148
Got length 90 message
PU
8893404 353 0 0 0 0 0 0 0 0 -1 0.07 0 0 21 -81 14.96 60.00 3.75 0;0;0;0;0;0 0 0 -1 0 0

PLAYER_UPDATE with heldOrVal=0, heldOrx=0, heldOry=0, pX=21, pY=-81, heldTransSrcID=-1, holdingString=0
Got length 149 message
PM
8893404 21 -81 6.130 6.130 0 -1 -1 -2 -2 -3 -3 -4 -4 -5 -4 -6 -5 -7 -6 -8 -7 -9 -8 -10 -9 -11 -10 -12 -11 -13 -12 -14 -13 -15 -14 -15 -15 -16 -16

Got length 27 message
MC
32 15 -11 -112
2982 289

Got map chunk with bin size 2982, compressed size 289
Got length 26 message
MC
15 15 -11 -97
1429 159

Got map chunk with bin size 1429, compressed size 159
Got length 54 message
MX
-7 -105 0 418 -1 -11 -105 4.000000
-11 -105 0 0 -1

Got length 96 message
MX
30 -83 0 418 -1 34 -87 4.000000
34 -87 0 0 -1
19 -89 0 5865 -1 17 -89 4.000000
17 -89 0 0 -1

Got length 17 message
PE
8893360 31 30

clickDestX,Y = -2, -105,  mapX,Y = 34, 17, curX,Y = 5, -97
DestID = 0
Path not found in 0.000000 ms
Path found in 0.000000 ms
Sending message to server: MOVE 20 -82 @177 -1 -1 -2 -2 -3 -3 -4 -3 -5 -4 -6 -5 -7 -6 -8 -7 -9 -8 -10 -9 -11 -10 -12 -11 -13 -12 -14 -13 -15 -13 -16 -14 -15 -15 -16 -16#
fixed speed = 0.058243
Got length 24 message
MC
32 14 3 -82
2849 273

Got map chunk with bin size 2849, compressed size 273
Got length 25 message
MC
14 16 21 -98
1381 144

Got map chunk with bin size 1381, compressed size 144
Got length 90 message
PU
8893404 353 0 0 0 0 0 0 0 0 -1 0.07 0 0 20 -82 14.97 60.00 3.75 0;0;0;0;0;0 0 0 -1 0 0

PLAYER_UPDATE with heldOrVal=0, heldOrx=0, heldOry=0, pX=20, pY=-82, heldTransSrcID=-1, holdingString=0
Got length 157 message
PM
8893404 20 -82 6.427 6.427 0 -1 -1 -2 -2 -3 -3 -4 -3 -5 -4 -6 -5 -7 -6 -8 -7 -9 -8 -10 -9 -11 -10 -12 -11 -13 -12 -14 -13 -15 -13 -16 -14 -15 -15 -16 -16

Got length 27 message
MC
32 15 -12 -113
2979 288

Got map chunk with bin size 2979, compressed size 288
Got length 26 message
MC
15 15 -12 -98
1427 158

Got map chunk with bin size 1427, compressed size 158
Got length 13 message
PE
8893402 6

Got length 17 message
HX
0.07 6.89 0.00
Got length 16 message
PE
8893384 28 5

Got length 50 message
MX
-6 -89 0 5195 -1 -6 -85 4.000000
-6 -85 0 0 -1

Frame rate = 45.187527 frames/second
Got length 25 message
FX
12 19 0 0 3.75 -1 0 0

Our food = 12/19
clickDestX,Y = 3, -108,  mapX,Y = 40, 15, curX,Y = 4, -98
DestID = 0
Path not found in 0.999928 ms
Path found in 0.000000 ms
Sending message to server: MOVE 18 -84 @178 -1 -1 -2 -1 -3 -2 -4 -3 -5 -4 -6 -5 -7 -6 -8 -7 -9 -8 -10 -9 -11 -10 -12 -11 -12 -12 -13 -13 -14 -14 -15 -15 -15 -16#
fixed speed = 0.058642
Got length 24 message
MC
32 13 1 -83
2645 249

Got map chunk with bin size 2645, compressed size 249
Got length 26 message
MC
13 17 20 -100
1367 158

Got map chunk with bin size 1367, compressed size 158
Got length 90 message
PU
8893404 353 0 0 0 0 0 0 0 0 -1 0.07 0 0 17 -85 14.98 60.00 3.75 0;0;0;0;0;0 0 0 -1 0 0

PLAYER_UPDATE with heldOrVal=0, heldOrx=0, heldOry=0, pX=17, pY=-85, heldTransSrcID=-1, holdingString=0
Got length 144 message
PM
8893404 17 -85 6.042 6.042 0 0 0 -1 0 -2 -1 -3 -2 -4 -3 -5 -4 -6 -5 -7 -6 -8 -7 -9 -8 -10 -9 -11 -10 -11 -11 -12 -12 -13 -13 -14 -14 -14 -15

Got length 27 message
MC
32 15 -13 -115
2972 284

Got map chunk with bin size 2972, compressed size 284
Got length 27 message
MC
14 15 -13 -100
1319 139

Got map chunk with bin size 1319, compressed size 139
Got length 72 message
MX
15 -115 0 51 -1
-16 -114 0 5873 -1 -12 -114 4.000000
-12 -114 0 0 -1

New placement, responsible=-1
Got length 177 message
MX
13 -73 0 5862 -1 17 -69 4.000000
17 -74 0 0 -1
-3 -89 0 5195 -1 -7 -85 4.000000
-7 -85 0 0 -1
5 -70 0 5185 -1 1 -66 4.000000
-5 -107 0 418 -1 -7 -105 4.000000
-7 -105 0 0 -1

New placement, responsible=-1
New placement, responsible=-1
New placement, responsible=-1
clickDestX,Y = 3, -107,  mapX,Y = 41, 18, curX,Y = 3, -100
DestID = 0
Path not found in 1.000166 ms
Path found in 0.000000 ms
Sending message to server: MOVE 17 -85 @179 -1 0 -2 -1 -3 -2 -4 -3 -5 -4 -6 -5 -7 -6 -8 -7 -9 -8 -10 -9 -11 -10 -11 -11 -12 -12 -13 -13 -14 -14 -14 -15 -14 -16#
fixed speed = 0.059320
Got length 24 message
MC
32 15 0 -85
3047 281

Got map chunk with bin size 3047, compressed size 281
Got length 26 message
MC
13 15 19 -100
1215 148

Got map chunk with bin size 1215, compressed size 148
Got length 24 message
PS
8893404/0 +HOMESICK+

Got length 15 message
HL
-79 -120 AA

Got length 16 message
PE
8893404 28 5

Got length 90 message
PU
8893404 353 0 0 0 0 0 0 0 0 -1 0.07 0 0 17 -85 14.99 60.00 3.75 0;0;0;0;0;0 0 0 -1 0 0

PLAYER_UPDATE with heldOrVal=0, heldOrx=0, heldOry=0, pX=17, pY=-85, heldTransSrcID=-1, holdingString=0
Got length 148 message
PM
8893404 17 -85 5.737 5.737 0 -1 0 -2 -1 -3 -2 -4 -3 -5 -4 -6 -5 -7 -6 -8 -7 -9 -8 -10 -9 -11 -10 -11 -11 -12 -12 -13 -13 -14 -14 -14 -15 -14 -16

Got length 27 message
MC
32 16 -13 -116
3170 304

Got map chunk with bin size 3170, compressed size 304
Got length 27 message
MC
13 14 -13 -100
1146 127

Got map chunk with bin size 1146, compressed size 127
Got length 14 message
PE
8893388 13

clickDestX,Y = -9, -104,  mapX,Y = 30, 21, curX,Y = 3, -101
DestID = 0
Path not found in 0.000000 ms
Path found in 0.000000 ms
Sending message to server: MOVE 17 -85 @180 -1 0 -2 -1 -3 -2 -4 -3 -5 -4 -6 -5 -7 -6 -8 -7 -9 -8 -10 -9 -11 -10 -12 -10 -13 -11 -14 -12 -15 -13 -16 -14 -16 -15 -16 -16#
fixed speed = 0.059500
Got length 24 message
MC
32 16 0 -86
3257 319

Got map chunk with bin size 3257, compressed size 319
Got length 26 message
MC
13 14 19 -100
1134 140

Got map chunk with bin size 1134, compressed size 140
Got length 24 message
PS
8893404/0 +HOMESICK+

Got length 15 message
HL
-79 -120 AA

Got length 16 message
PE
8893404 28 5

Got length 90 message
PU
8893404 353 0 0 0 0 0 0 0 0 -1 0.07 0 0 17 -85 15.00 60.00 3.75 0;0;0;0;0;0 0 0 -1 0 0

PLAYER_UPDATE with heldOrVal=0, heldOrx=0, heldOry=0, pX=17, pY=-85, heldTransSrcID=-1, holdingString=0
Got length 156 message
PM
8893404 17 -85 6.086 6.086 0 -1 0 -2 -1 -3 -2 -4 -3 -5 -4 -6 -5 -7 -6 -8 -7 -9 -8 -10 -9 -11 -10 -12 -10 -13 -11 -14 -12 -15 -13 -16 -14 -16 -15 -16 -16

Got length 27 message
MC
32 16 -15 -116
3163 292

Got map chunk with bin size 3163, compressed size 292
Got length 27 message
MC
15 14 -15 -100
1314 130

Got map chunk with bin size 1314, compressed size 130
clickDestX,Y = -10, -100,  mapX,Y = 30, 25, curX,Y = 1, -101
DestID = 0
Path not found in 0.000000 ms
Path found in 0.000000 ms
Sending message to server: MOVE 16 -85 @181 -1 -1 -2 -2 -3 -3 -4 -4 -5 -5 -6 -6 -7 -7 -8 -8 -9 -9 -10 -10 -11 -10 -12 -11 -13 -12 -14 -13 -15 -14 -16 -15#
fixed speed = 0.060856
Got length 25 message
MC
32 15 -1 -86
3058 305

Got map chunk with bin size 3058, compressed size 305
Got length 26 message
MC
14 15 17 -101
1307 155

Got map chunk with bin size 1307, compressed size 155
Got length 90 message
PU
8893404 353 0 0 0 0 0 0 0 0 -1 0.07 0 0 16 -85 15.00 60.00 3.75 0;0;0;0;0;0 0 0 -1 0 0

PLAYER_UPDATE with heldOrVal=0, heldOrx=0, heldOry=0, pX=16, pY=-85, heldTransSrcID=-1, holdingString=0
Got length 142 message
PM
8893404 16 -85 5.928 5.928 0 -1 -1 -2 -2 -3 -3 -4 -4 -5 -5 -6 -6 -7 -7 -8 -8 -9 -9 -10 -10 -11 -10 -12 -11 -13 -12 -14 -13 -15 -14 -16 -15

Got length 27 message
MC
32 14 -16 -115
2771 263

Got map chunk with bin size 2771, compressed size 263
Got length 27 message
MC
15 16 -16 -101
1493 128

Got map chunk with bin size 1493, compressed size 128
Got length 17 message
HX
0.07 6.89 0.00
clickDestX,Y = -10, -98,  mapX,Y = 31, 27, curX,Y = 0, -100
DestID = 0
Path not found in 1.000166 ms
Path found in 0.000000 ms
Sending message to server: MOVE 16 -85 @182 -1 -1 -2 -2 -3 -3 -4 -4 -5 -5 -6 -6 -7 -7 -8 -8 -9 -9 -10 -10 -11 -10 -12 -11 -13 -12 -14 -13 -15 -13 -16 -13#
fixed speed = 0.059976
Got length 25 message
MC
32 14 -1 -85
2848 267

Got map chunk with bin size 2848, compressed size 267
Got length 26 message
MC
15 16 16 -101
1497 173

Got map chunk with bin size 1497, compressed size 173
Got length 90 message
PU
8893404 353 0 0 0 0 0 0 0 0 -1 0.07 0 0 16 -85 15.00 60.00 3.75 0;0;0;0;0;0 0 0 -1 0 0

PLAYER_UPDATE with heldOrVal=0, heldOrx=0, heldOry=0, pX=16, pY=-85, heldTransSrcID=-1, holdingString=0
Got length 142 message
PM
8893404 16 -85 5.518 5.518 0 -1 -1 -2 -2 -3 -3 -4 -4 -5 -5 -6 -6 -7 -7 -8 -8 -9 -9 -10 -10 -11 -10 -12 -11 -13 -12 -14 -13 -15 -13 -16 -13

Got length 27 message
MC
32 12 -16 -113
2373 223

Got map chunk with bin size 2373, compressed size 223
Got length 27 message
MC
15 18 -16 -101
1692 148

Got map chunk with bin size 1692, compressed size 148
clickDestX,Y = -11, -97,  mapX,Y = 30, 27, curX,Y = 0, -98
DestID = 0
Path not found in 0.000000 ms
Path found in 0.000000 ms
Sending message to server: MOVE 15 -86 @183 -1 -1 -2 -2 -3 -3 -4 -4 -5 -5 -6 -6 -7 -7 -8 -8 -9 -9 -10 -9 -11 -10 -12 -11 -13 -11 -14 -11 -15 -11 -16 -11#
fixed speed = 0.059878
Got length 50 message
MX
19 -92 0 1435 -1 19 -89 4.000000
19 -89 0 0 -1

Got length 25 message
MC
32 11 -2 -83
2242 211

Got map chunk with bin size 2242, compressed size 211
Got length 26 message
MC
14 19 16 -102
1668 191

Got map chunk with bin size 1668, compressed size 191
Got length 90 message
PU
8893404 353 0 0 0 0 0 0 0 0 -1 0.07 0 0 15 -86 15.01 60.00 3.75 0;0;0;0;0;0 0 0 -1 0 0

PLAYER_UPDATE with heldOrVal=0, heldOrx=0, heldOry=0, pX=15, pY=-86, heldTransSrcID=-1, holdingString=0
Got length 141 message
PM
8893404 15 -86 5.537 5.536 0 -1 -1 -2 -2 -3 -3 -4 -4 -5 -5 -6 -6 -7 -7 -8 -8 -9 -9 -10 -9 -11 -10 -12 -11 -13 -11 -14 -11 -15 -11 -16 -11

Got length 27 message
MC
32 10 -17 -112
1979 204

Got map chunk with bin size 1979, compressed size 204
Got length 27 message
MC
15 20 -17 -102
1878 160

Got map chunk with bin size 1878, compressed size 160
clickDestX,Y = -14, -101,  mapX,Y = 28, 23, curX,Y = -1, -97
DestID = 0
Path not found in 0.000000 ms
Path found in 0.000000 ms
Sending message to server: MOVE 15 -86 @184 -1 -1 -2 -2 -3 -3 -4 -4 -5 -5 -6 -6 -7 -7 -8 -8 -9 -9 -10 -9 -11 -10 -12 -11 -13 -12 -14 -13 -15 -14 -16 -15#
fixed speed = 0.060856
Got length 25 message
MC
32 10 -2 -82
2040 198

Got map chunk with bin size 2040, compressed size 198
Got length 26 message
MC
15 20 15 -102
1883 224

Got map chunk with bin size 1883, compressed size 224
Got length 24 message
PS
8893404/0 +HOMESICK+

Got length 15 message
HL
-79 -120 AA

Got length 16 message
PE
8893404 28 5

Got length 90 message
PU
8893404 353 0 0 0 0 0 0 0 0 -1 0.07 0 0 15 -86 15.01 60.00 3.75 0;0;0;0;0;0 0 0 -1 0 0

PLAYER_UPDATE with heldOrVal=0, heldOrx=0, heldOry=0, pX=15, pY=-86, heldTransSrcID=-1, holdingString=0
Got length 141 message
PM
8893404 15 -86 5.678 5.677 0 -1 -1 -2 -2 -3 -3 -4 -4 -5 -5 -6 -6 -7 -7 -8 -8 -9 -9 -10 -9 -11 -10 -12 -11 -13 -12 -14 -13 -15 -14 -16 -15

Got length 27 message
MC
32 14 -17 -116
2768 264

Got map chunk with bin size 2768, compressed size 264
Got length 27 message
MC
15 16 -17 -102
1488 125

Got map chunk with bin size 1488, compressed size 125
Frame rate = 44.306602 frames/second
clickDestX,Y = -12, -106,  mapX,Y = 30, 20, curX,Y = -1, -101
DestID = 0
Path not found in 0.000000 ms
Path found in 0.000000 ms
Sending message to server: MOVE 14 -87 @185 -1 -1 -2 -2 -3 -3 -4 -4 -5 -5 -6 -6 -7 -7 -8 -8 -9 -8 -10 -9 -11 -10 -12 -11 -13 -12 -14 -13 -15 -14 -16 -15 -16 -16#
fixed speed = 0.060167
Got length 25 message
MC
32 13 -3 -86
2649 268

Got map chunk with bin size 2649, compressed size 268
Got length 26 message
MC
14 17 15 -103
1493 186

Got map chunk with bin size 1493, compressed size 186
Got length 24 message
PS
8893404/0 +HOMESICK+

Got length 15 message
HL
-79 -120 AA

Got length 16 message
PE
8893404 28 5

Got length 90 message
PU
8893404 353 0 0 0 0 0 0 0 0 -1 0.07 0 0 14 -87 15.02 60.00 3.75 0;0;0;0;0;0 0 0 -1 0 0

PLAYER_UPDATE with heldOrVal=0, heldOrx=0, heldOry=0, pX=14, pY=-87, heldTransSrcID=-1, holdingString=0
Got length 149 message
PM
8893404 14 -87 6.254 6.254 0 -1 -1 -2 -2 -3 -3 -4 -4 -5 -5 -6 -6 -7 -7 -8 -8 -9 -8 -10 -9 -11 -10 -12 -11 -13 -12 -14 -13 -15 -14 -16 -15 -16 -16

Got length 27 message
MC
32 15 -18 -118
2954 254

Got map chunk with bin size 2954, compressed size 254
Got length 27 message
MC
15 15 -18 -103
1378 117

Got map chunk with bin size 1378, compressed size 117
clickDestX,Y = 13, -89,  mapX,Y = 56, 39, curX,Y = -2, -103
DestID = 0
Path found in 0.000000 ms
Sending message to server: MOVE 13 -88 @186 0 -1#
fixed speed = 0.062500
Got length 25 message
MC
32 14 -3 -88
2855 293

Got map chunk with bin size 2855, compressed size 293
Got length 26 message
MC
15 16 14 -104
1511 197

Got map chunk with bin size 1511, compressed size 197
Got length 37 message
PM
8893404 13 -88 0.286 0.285 0 0 -1

Got length 84 message
MX
27 -61 0 5183 -1 27 -57 4.000000
-10 -93 0 5194 -1 -6 -89 4.000000
-6 -89 0 0 -1

clickDestX,Y = 13, -90,  mapX,Y = 24, 38, curX,Y = 13, -89
DestID = 0
Path found in 0.000000 ms
Sending message to server: MOVE 13 -89 @187 0 -1#
fixed speed = 0.062500
Got length 37 message
PM
8893404 13 -89 0.318 0.318 0 0 -1

Got length 14 message
PE
8893309 13

clickDestX,Y = 12, -91,  mapX,Y = 23, 37, curX,Y = 13, -90
DestID = 0
Path found in 0.000000 ms
Sending message to server: MOVE 13 -90 @188 -1 -1#
fixed speed = 0.062500
Got length 38 message
PM
8893404 13 -90 0.408 0.408 0 -1 -1

Got length 17 message
HX
0.07 6.89 0.00
clickDestX,Y = 11, -91,  mapX,Y = 22, 37, curX,Y = 12, -91
DestID = 0
Path found in 0.000000 ms
Sending message to server: MOVE 13 -90 @189 -1 -1 -2 -1#
fixed speed = 0.055592
Got length 44 message
PM
8893404 13 -90 0.410 0.410 0 -1 -1 -2 -1

clickDestX,Y = 11, -92,  mapX,Y = 22, 36, curX,Y = 11, -91
DestID = 0
Path found in 0.000000 ms
Sending message to server: MOVE 12 -91 @190 -1 -1#
fixed speed = 0.062500
Got length 44 message
PM
8893404 13 -90 0.629 0.629 0 -1 -1 -2 -2

Got length 16 message
PE
8893376 19 5

Got compressed message header:
CM
393 154


clickDestX,Y = 10, -92,  mapX,Y = 21, 36, curX,Y = 11, -92
DestID = 0
Path found in 0.000000 ms
Sending message to server: MOVE 12 -91 @191 -1 -1 -2 -1#
fixed speed = 0.055592
Got length 393 message
MX
39 -85 0 0 -1
10 -68 0 5872 -1 10 -66 4.000000
10 -66 0 0 -1
18 -73 0 5862 -1 13 -73 4.000000
13 -73 0 0 -1
23 -70 0 5862 -1 17 -70 4.000000
17 -70 0 0 -1
-5 -103 0 418 -1 -5 -107 4.000000
-5 -107 0 0 -1
-3 -91 0 5194 -1 -3 -89 4.000000
-3 -89 0 0 -1
25 -90 0 2174 -1 31 -90 4.000000
31 -90 0 0 -1
9 -66 0 5184 -1 5 -70 4.000000
5 -70 0 0 -1
11 -61 0 5184 -1 14 -64 4.000000
14 -64 0 0 -1
#
New placement, responsible=-1
New placement, responsible=-1
New placement, responsible=-1
New placement, responsible=-1
New placement, responsible=-1
clickDestX,Y = 10, -93,  mapX,Y = 21, 35, curX,Y = 10, -92
DestID = 0
Path found in 0.000000 ms
Sending message to server: MOVE 11 -92 @192 -1 -1#
fixed speed = 0.062500
Got length 44 message
PM
8893404 12 -91 0.615 0.615 0 -1 -1 -2 -1

Got length 44 message
PM
8893404 12 -91 0.725 0.725 0 -1 -1 -2 -2

Frame rate = 56.593097 frames/second
Got length 16 message
PE
8893375 32 1

clickDestX,Y = 9, -93,  mapX,Y = 20, 35, curX,Y = 10, -93
DestID = 0
Path found in 0.000000 ms
Sending message to server: MOVE 10 -93 @193 -1 0#
fixed speed = 0.062500
Got length 13 message
PE
8893371 1

Got length 44 message
PM
8893404 11 -92 0.635 0.635 0 -1 -1 -2 -1

Got length 16 message
PE
8893376 19 5

clickDestX,Y = 8, -94,  mapX,Y = 19, 34, curX,Y = 9, -93
DestID = 0
Path found in 0.000000 ms
Sending message to server: MOVE 9 -93 @194 -1 -1#
fixed speed = 0.062500
Got length 43 message
PM
8893404 10 -93 0.674 0.674 0 -1 0 -2 -1

Got length 96 message
MX
21 -90 0 1435 -1 19 -92 4.000000
19 -92 0 0 -1
37 -90 0 418 -1 33 -86 4.000000
33 -86 0 0 -1

New placement, responsible=-1
New placement, responsible=-1
Got length 14 message
PE
8893377 37

clickDestX,Y = -1, -109,  mapX,Y = 10, 19, curX,Y = 8, -94
DestID = 0
Path found in 0.000000 ms
Sending message to server: MOVE 9 -93 @195 -1 -1 -2 -2 -3 -3 -4 -4 -5 -5 -6 -6 -7 -7 -8 -8 -9 -9 -10 -10 -10 -11 -10 -12 -10 -13 -10 -14 -10 -15 -10 -16#
fixed speed = 0.061583
Got length 14 message
PE
8839322 13

Got length 27 message
MC
32 20 -17 -124
3977 397

Got map chunk with bin size 3977, compressed size 397
Got length 25 message
MC
14 10 -17 -104
849 76

Got map chunk with bin size 849, compressed size 76
Got length 24 message
PS
8893404/0 +HOMESICK+

Got length 15 message
HL
-79 -120 AA

Got length 16 message
PE
8893404 28 5

Got length 89 message
PU
8893404 353 0 0 0 0 0 0 0 0 -1 0.07 0 0 9 -93 15.06 60.00 3.75 0;0;0;0;0;0 0 0 -1 0 0

PLAYER_UPDATE with heldOrVal=0, heldOrx=0, heldOry=0, pX=9, pY=-93, heldTransSrcID=-1, holdingString=0
Got length 141 message
PM
8893404 9 -93 5.319 5.318 0 -1 -1 -2 -2 -3 -3 -4 -4 -5 -5 -6 -6 -7 -7 -8 -8 -9 -9 -10 -10 -10 -11 -10 -12 -10 -13 -10 -14 -10 -15 -10 -16

Got length 25 message
MC
32 15 -8 -94
3062 341

Got map chunk with bin size 3062, compressed size 341
Got length 24 message
MC
9 15 15 -109
858 134

Got map chunk with bin size 858, compressed size 134
Got length 124 message
MX
-14 -122 0 2174 -1 -17 -122 4.000000
-17 -122 0 0 -1
4 -122 0 50 -1
-13 -115 0 5870 -1 -13 -119 4.000000
-13 -119 0 0 -1

New placement, responsible=-1
Got length 27 message
MC
32 15 -17 -124
2983 309

Got map chunk with bin size 2983, compressed size 309
Got length 24 message
MC
9 15 -17 -109
828 91

Got map chunk with bin size 828, compressed size 91
clickDestX,Y = 8, -95,  mapX,Y = 53, 39, curX,Y = -1, -109
DestID = 0
Path found in 0.000000 ms
Sending message to server: MOVE 8 -94 @196 0 -1#
fixed speed = 0.062500
Got length 25 message
MC
32 14 -8 -94
2857 325

Got map chunk with bin size 2857, compressed size 325
Got length 24 message
MC
9 16 15 -110
914 136

Got map chunk with bin size 914, compressed size 136
Got length 43 message
PM
8893404 9 -93 0.526 0.526 0 -1 -1 -1 -2

clickDestX,Y = 4, -110,  mapX,Y = 17, 24, curX,Y = 8, -95
DestID = 0
Path found in 0.000000 ms
Sending message to server: MOVE 8 -94 @197 -1 -1 -2 -2 -3 -3 -4 -4 -4 -5 -4 -6 -4 -7 -4 -8 -4 -9 -4 -10 -4 -11 -4 -12 -4 -13 -4 -14 -4 -15 -4 -16#
fixed speed = 0.061456
Got length 27 message
MC
32 15 -12 -125
2989 312

Got map chunk with bin size 2989, compressed size 312
Got length 24 message
MC
4 15 -12 -110
363 48

Got map chunk with bin size 363, compressed size 48
Got length 24 message
PS
8893404/0 +HOMESICK+

Got length 15 message
HL
-79 -120 AA

Got length 16 message
PE
8893404 28 5

Got length 89 message
PU
8893404 353 0 0 0 0 0 0 0 0 -1 0.07 0 0 9 -93 15.06 60.00 3.75 0;0;0;0;0;0 0 0 -1 0 0

PLAYER_UPDATE with heldOrVal=0, heldOrx=0, heldOry=0, pX=9, pY=-93, heldTransSrcID=-1, holdingString=0
Got length 141 message
PM
8893404 9 -93 4.988 4.987 0 -1 -1 -2 -2 -3 -3 -4 -4 -5 -5 -5 -6 -5 -7 -5 -8 -5 -9 -5 -10 -5 -11 -5 -12 -5 -13 -5 -14 -5 -15 -5 -16 -5 -17

Got length 25 message
MC
32 16 -8 -95
3262 365

Got map chunk with bin size 3262, compressed size 365
Got length 23 message
MC
4 14 20 -109
354 75

Got map chunk with bin size 354, compressed size 75
Got length 27 message
MC
32 16 -12 -125
3182 320

Got map chunk with bin size 3182, compressed size 320
Got length 24 message
MC
4 14 -12 -109
339 46

Got map chunk with bin size 339, compressed size 46
Got length 16 message
PE
8893384 19 5

clickDestX,Y = 9, -110,  mapX,Y = 51, 24, curX,Y = 4, -110
DestID = 0
Path found in 0.000000 ms
Sending message to server: MOVE 8 -94 @198 0 -1 1 -2 0 -3 1 -4 1 -5 1 -6 1 -7 1 -8 1 -9 1 -10 1 -11 1 -12 1 -13 0 -14 1 -15 1 -16#
fixed speed = 0.055993
Got length 25 message
MC
32 16 -8 -95
3262 365

Got map chunk with bin size 3262, compressed size 365
Got length 23 message
MC
4 14 20 -109
354 75

Got map chunk with bin size 354, compressed size 75
Got length 24 message
PS
8893404/0 +HOMESICK+

Got length 15 message
HL
-79 -120 AA

Got length 16 message
PE
8893404 28 5

Got length 89 message
PU
8893404 353 0 0 0 0 0 0 0 0 -1 0.07 0 0 9 -93 15.07 60.00 3.75 0;0;0;0;0;0 0 0 -1 0 0

PLAYER_UPDATE with heldOrVal=0, heldOrx=0, heldOry=0, pX=9, pY=-93, heldTransSrcID=-1, holdingString=0
Got length 128 message
PM
8893404 9 -93 5.009 5.008 0 -1 -1 -1 -2 0 -3 -1 -4 0 -5 0 -6 0 -7 0 -8 0 -9 0 -10 0 -11 0 -12 0 -13 0 -14 -1 -15 0 -16 0 -17

Got length 26 message
MC
32 16 -7 -125
3172 308

Got map chunk with bin size 3172, compressed size 308
Got length 22 message
MC
1 14 24 -109
88 44

Got map chunk with bin size 88, compressed size 44
Got length 17 message
HX
0.07 6.89 0.00
clickDestX,Y = 12, -111,  mapX,Y = 20, 23, curX,Y = 9, -110
DestID = 0
Path found in 0.000000 ms
Sending message to server: MOVE 8 -95 @199 1 -1 2 -2 3 -3 4 -4 4 -5 4 -6 4 -7 4 -8 4 -9 4 -10 3 -11 4 -12 4 -13 5 -14 4 -15 4 -16#
fixed speed = 0.056371
Sending message to server: FLIP 13 -111#
Got length 25 message
MC
32 15 -8 -95
3057 350

Got map chunk with bin size 3057, compressed size 350
Got length 22 message
MC
1 15 -8 -110
89 30

Got map chunk with bin size 89, compressed size 30
Got length 24 message
PS
8893404/0 +HOMESICK+

Got length 15 message
HL
-79 -120 AA

Got length 16 message
PE
8893404 28 5

Got length 89 message
PU
8893404 353 0 0 0 0 0 0 0 0 -1 0.07 0 0 8 -94 15.07 60.00 3.75 0;0;0;0;0;0 0 0 -1 0 0

PLAYER_UPDATE with heldOrVal=0, heldOrx=0, heldOry=0, pX=8, pY=-94, heldTransSrcID=-1, holdingString=0
Got length 124 message
PM
8893404 8 -94 5.567 5.567 0 0 -1 1 -2 2 -3 3 -4 4 -5 4 -6 4 -7 4 -8 4 -9 4 -10 4 -11 3 -12 4 -13 4 -14 5 -15 4 -16 4 -17

Got length 26 message
MC
32 16 -4 -126
3163 282

Got map chunk with bin size 3163, compressed size 282
Got length 23 message
MC
4 14 24 -110
353 71

Got map chunk with bin size 353, compressed size 71
Got length 13 message
FL
8893404 0

Got length 16 message
PE
8893384 19 5

clickDestX,Y = 16, -111,  mapX,Y = 22, 24, curX,Y = 12, -111
DestID = 49
Path found in 0.000000 ms
Path found in 0.000000 ms
Path not found in 1.000166 ms
Path found in 0.000000 ms
Path found in 0.000000 ms
Sending message to server: MOVE 8 -95 @200 1 -1 2 -2 3 -3 4 -4 5 -5 6 -6 7 -7 8 -8 8 -9 8 -10 8 -11 7 -12 8 -13 8 -14 8 -15#
fixed speed = 0.058813
Got length 90 message
MX
-14 -93 0 5193 -1 -10 -93 4.000000
-10 -93 0 0 -1
-16 -122 0 5871 -1 -20 -118 4.000000

Got length 25 message
MC
32 15 -7 -96
3055 347

Got map chunk with bin size 3055, compressed size 347
Got length 23 message
MC
3 15 -7 -111
274 56

Got map chunk with bin size 274, compressed size 56
Got length 24 message
PS
8893404/0 +HOMESICK+

Got length 15 message
HL
-79 -120 AA

Got length 16 message
PE
8893404 28 5

Got length 89 message
PU
8893404 353 0 0 0 0 0 0 0 0 -1 0.07 0 0 8 -95 15.08 60.00 3.75 0;0;0;0;0;0 0 0 -1 0 0

PLAYER_UPDATE with heldOrVal=0, heldOrx=0, heldOry=0, pX=8, pY=-95, heldTransSrcID=-1, holdingString=0
Got length 112 message
PM
8893404 8 -95 5.127 5.127 0 1 -1 2 -2 3 -3 4 -4 5 -5 6 -6 7 -7 8 -8 8 -9 8 -10 8 -11 7 -12 8 -13 8 -14 8 -15

Got length 25 message
MC
32 14 0 -125
2755 221

Got map chunk with bin size 2755, compressed size 221
Got length 24 message
MC
7 16 25 -111
701 103

Got map chunk with bin size 701, compressed size 103
clickDestX,Y = 17, -111,  mapX,Y = 21, 24, curX,Y = 16, -110
DestID = 0
Path found in 0.000000 ms
Sending message to server: MOVE 8 -95 @201 1 -1 2 -2 3 -3 4 -4 5 -5 6 -6 7 -7 8 -8 9 -9 9 -10 8 -11 9 -12 9 -13 9 -14 9 -15 9 -16#
fixed speed = 0.059053
Got length 25 message
MC
32 14 -7 -95
2860 335

Got map chunk with bin size 2860, compressed size 335
Got length 23 message
MC
7 16 -7 -111
681 93

Got map chunk with bin size 681, compressed size 93
Got length 24 message
PS
8893404/0 +HOMESICK+

Got length 15 message
HL
-79 -120 AA

Got length 16 message
PE
8893404 28 5

Got length 89 message
PU
8893404 353 0 0 0 0 0 0 0 0 -1 0.07 0 0 8 -95 15.08 60.00 3.75 0;0;0;0;0;0 0 0 -1 0 0

PLAYER_UPDATE with heldOrVal=0, heldOrx=0, heldOry=0, pX=8, pY=-95, heldTransSrcID=-1, holdingString=0
Got length 118 message
PM
8893404 8 -95 5.293 5.292 0 1 -1 2 -2 3 -3 4 -4 5 -5 6 -6 7 -7 8 -8 9 -9 9 -10 8 -11 9 -12 9 -13 9 -14 9 -15 9 -16

Got length 25 message
MC
32 15 1 -126
2961 250

Got map chunk with bin size 2961, compressed size 250
Got length 24 message
MC
8 15 25 -111
747 102

Got map chunk with bin size 747, compressed size 102
clickDestX,Y = 14, -115,  mapX,Y = 17, 21, curX,Y = 17, -111
DestID = 0
Path not found in 0.000000 ms
Path found in 0.000000 ms
Sending message to server: MOVE 9 -96 @202 1 -1 2 -2 3 -3 4 -4 5 -5 5 -6 5 -7 5 -8 5 -9 5 -10 6 -11 6 -12 6 -13 5 -14 5 -15 5 -16#
fixed speed = 0.057904
Got length 25 message
MC
32 14 -6 -96
2849 336

Got map chunk with bin size 2849, compressed size 336
Got length 23 message
MC
7 16 -6 -112
682 94

Got map chunk with bin size 682, compressed size 94
Got length 24 message
PS
8893404/0 +HOMESICK+

Got length 15 message
HL
-79 -120 AA

Got length 16 message
PE
8893404 28 5

Got length 89 message
PU
8893404 353 0 0 0 0 0 0 0 0 -1 0.07 0 0 9 -96 15.08 60.00 3.75 0;0;0;0;0;0 0 0 -1 0 0

PLAYER_UPDATE with heldOrVal=0, heldOrx=0, heldOry=0, pX=9, pY=-96, heldTransSrcID=-1, holdingString=0
Got length 118 message
PM
8893404 9 -96 5.218 5.218 0 1 -1 2 -2 3 -3 4 -4 5 -5 5 -6 5 -7 5 -8 5 -9 5 -10 6 -11 6 -12 6 -13 5 -14 5 -15 5 -16

Got length 26 message
MC
32 15 -2 -127
2954 252

Got map chunk with bin size 2954, compressed size 252
Got length 23 message
MC
4 15 26 -112
376 71

Got map chunk with bin size 376, compressed size 71
Frame rate = 45.808519 frames/second
Got length 16 message
PE
8893384 28 5

clickDestX,Y = 3, -116,  mapX,Y = 7, 21, curX,Y = 14, -112
DestID = 0
Path not found in 0.999928 ms
Path found in 0.000000 ms
Sending message to server: MOVE 10 -97 @203 -1 -1 -2 -2 -3 -3 -4 -4 -5 -5 -6 -6 -7 -7 -7 -8 -7 -9 -7 -10 -7 -11 -7 -12 -7 -13 -7 -14 -7 -15 -7 -16#
fixed speed = 0.061523
Got length 24 message
MC
32 1 -13 -128
201 55

Got map chunk with bin size 201, compressed size 55
Got length 27 message
MC
11 29 -13 -127
1987 224

Got map chunk with bin size 1987, compressed size 224
Got length 24 message
PS
8893404/0 +HOMESICK+

Got length 15 message
HL
-79 -120 AA

Got length 16 message
PE
8893404 28 5

Got length 90 message
PU
8893404 353 0 0 0 0 0 0 0 0 -1 0.07 0 0 10 -97 15.09 60.00 3.75 0;0;0;0;0;0 0 0 -1 0 0

PLAYER_UPDATE with heldOrVal=0, heldOrx=0, heldOry=0, pX=10, pY=-97, heldTransSrcID=-1, holdingString=0
Got length 135 message
PM
8893404 10 -97 5.042 5.042 0 -1 -1 -2 -2 -3 -3 -4 -4 -5 -5 -6 -6 -7 -7 -7 -8 -7 -9 -7 -10 -7 -11 -7 -12 -7 -13 -7 -14 -7 -15 -7 -16

Got length 25 message
MC
32 15 -7 -98
3048 346

Got map chunk with bin size 3048, compressed size 346
Got length 24 message
MC
6 15 19 -113
574 108

Got map chunk with bin size 574, compressed size 108
Got length 27 message
MC
32 15 -13 -128
3009 335

Got map chunk with bin size 3009, compressed size 335
Got length 24 message
MC
6 15 -13 -113
546 58

Got map chunk with bin size 546, compressed size 58
clickDestX,Y = -2, -115,  mapX,Y = 40, 23, curX,Y = 3, -113
DestID = 0
Path not found in 0.000000 ms
Path found in 0.000000 ms
Sending message to server: MOVE 10 -97 @204 -1 -1 -2 -2 -3 -3 -4 -4 -5 -5 -6 -6 -7 -7 -8 -8 -9 -9 -10 -10 -11 -11 -12 -12 -12 -13 -12 -14 -12 -15 -12 -16#
fixed speed = 0.061619
Got length 25 message
MC
32 15 -7 -98
3048 346

Got map chunk with bin size 3048, compressed size 346
Got length 24 message
MC
6 15 19 -113
574 108

Got map chunk with bin size 574, compressed size 108
Got length 24 message
PS
8893404/0 +HOMESICK+

Got length 15 message
HL
-79 -120 AA

Got length 16 message
PE
8893404 28 5

Got length 90 message
PU
8893404 353 0 0 0 0 0 0 0 0 -1 0.07 0 0 10 -97 15.09 60.00 3.75 0;0;0;0;0;0 0 0 -1 0 0

PLAYER_UPDATE with heldOrVal=0, heldOrx=0, heldOry=0, pX=10, pY=-97, heldTransSrcID=-1, holdingString=0
Got length 142 message
PM
8893404 10 -97 5.442 5.442 0 -1 -1 -2 -2 -3 -3 -4 -4 -5 -5 -6 -6 -7 -7 -8 -8 -9 -9 -10 -10 -11 -11 -12 -12 -12 -13 -12 -14 -12 -15 -12 -16

Got length 27 message
MC
32 15 -18 -128
3015 340

Got map chunk with bin size 3015, compressed size 340
Got length 27 message
MC
11 15 -18 -113
1012 105

Got map chunk with bin size 1012, compressed size 105
Got length 56 message
MX
-19 -126 0 1436 -1 -15 -126 4.000000
-15 -126 0 0 -1

New placement, responsible=-1
Got length 14 message
PE
8893341 13

Got length 99 message
MX
-8 -100 0 418 -1 -5 -103 4.000000
-5 -103 0 0 -1
-2 -92 0 5193 -1 -3 -91 4.000000
-3 -91 0 0 -1

Got length 25 message
FX
11 19 0 0 3.75 -1 0 0

Our food = 11/19
clickDestX,Y = 9, -99,  mapX,Y = 54, 39, curX,Y = -2, -113
DestID = 0
Path found in 0.000000 ms
Sending message to server: MOVE 9 -98 @205 0 -1#
fixed speed = 0.062500
Got length 25 message
MC
32 14 -7 -98
2848 328

Got map chunk with bin size 2848, compressed size 328
Got length 26 message
MC
11 16 14 -114
1130 178

Got map chunk with bin size 1130, compressed size 178
Got length 36 message
PM
8893404 9 -98 0.234 0.234 0 0 -1

clickDestX,Y = 8, -100,  mapX,Y = 21, 38, curX,Y = 9, -99
DestID = 0
Path found in 0.000000 ms
Sending message to server: MOVE 9 -99 @206 -1 -1#
fixed speed = 0.062500
Got length 37 message
PM
8893404 9 -99 0.387 0.386 0 -1 -1

Got length 17 message
HX
0.07 6.89 0.00
clickDestX,Y = 7, -100,  mapX,Y = 20, 38, curX,Y = 8, -100
DestID = 0
Path found in 0.000000 ms
Sending message to server: MOVE 9 -99 @207 -1 -1 -2 -1#
fixed speed = 0.055592
Sending message to server: FLIP 6 -100#
Got length 43 message
PM
8893404 9 -99 0.420 0.420 0 -1 -1 -2 -1

Got length 13 message
FL
8893404 1

clickDestX,Y = 7, -101,  mapX,Y = 20, 37, curX,Y = 7, -100
DestID = 0
Path found in 0.000000 ms
Sending message to server: MOVE 8 -100 @208 -1 -1#
fixed speed = 0.062500
Got length 24 message
PS
8893404/0 +HOMESICK+

Got length 15 message
HL
-79 -120 AA

Got length 16 message
PE
8893404 28 5

Got length 43 message
PM
8893404 9 -99 0.601 0.601 0 -1 -1 -2 -2

Got length 149 message
MX
34 -90 0 418 -1 37 -90 4.000000
37 -90 0 0 -1
17 -90 0 1435 -1 21 -90 4.000000
21 -90 0 0 -1
-17 -119 0 5869 -1 -13 -115 4.000000
-13 -115 0 0 -1

New placement, responsible=-1
New placement, responsible=-1
clickDestX,Y = 6, -101,  mapX,Y = 19, 37, curX,Y = 7, -101
DestID = 0
Path found in 0.000000 ms
Sending message to server: MOVE 8 -100 @209 -1 -1 -2 -1#
fixed speed = 0.055592
clickDestX,Y = 6, -102,  mapX,Y = 19, 36, curX,Y = 6, -101
DestID = 0
Path found in 0.000000 ms
Sending message to server: MOVE 7 -101 @210 -1 -1#
fixed speed = 0.062500
Got length 24 message
PS
8893404/0 +HOMESICK+

Got length 15 message
HL
-79 -120 AA

Got length 16 message
PE
8893404 28 5

Got length 44 message
PM
8893404 8 -100 0.620 0.620 0 -1 -1 -2 -1

Got length 24 message
PS
8893404/0 +HOMESICK+

Got length 15 message
HL
-79 -120 AA

Got length 16 message
PE
8893404 28 5

Got length 44 message
PM
8893404 8 -100 0.723 0.723 0 -1 -1 -2 -2

Frame rate = 52.137644 frames/second
Got length 13 message
PE
8893402 6

clickDestX,Y = 5, -103,  mapX,Y = 18, 35, curX,Y = 6, -102
DestID = 0
Path found in 0.000000 ms
Sending message to server: MOVE 6 -102 @211 -1 -1#
fixed speed = 0.062500
Got length 44 message
PM
8893404 7 -101 0.731 0.731 0 -1 -1 -2 -2

clickDestX,Y = 4, -104,  mapX,Y = 17, 34, curX,Y = 5, -103
DestID = 0
Path found in 0.000000 ms
Sending message to server: MOVE 5 -103 @212 -1 -1#
fixed speed = 0.062500
Got length 44 message
PM
8893404 6 -102 0.754 0.754 0 -1 -1 -2 -2

Got length 159 message
MX
-19 -122 0 5873 -1 -19 -126 4.000000
-19 -126 0 0 -1
-16 -118 0 5870 -1 -16 -122 4.000000
-16 -122 0 0 -1
-18 -97 0 5192 -1 -14 -93 4.000000
-14 -93 0 0 -1

clickDestX,Y = 3, -105,  mapX,Y = 16, 33, curX,Y = 4, -104
DestID = 0
Path found in 0.000000 ms
Sending message to server: MOVE 4 -104 @213 -1 -1#
fixed speed = 0.062500
Got length 44 message
PM
8893404 5 -103 0.765 0.765 0 -1 -1 -2 -2

Got length 17 message
HX
0.07 6.89 0.00
clickDestX,Y = 2, -106,  mapX,Y = 15, 32, curX,Y = 3, -105
DestID = 0
Path found in 0.000000 ms
Sending message to server: MOVE 3 -105 @214 -1 -1#
fixed speed = 0.062500
Got length 44 message
PM
8893404 4 -104 0.752 0.752 0 -1 -1 -2 -2

Frame rate = 60.024005 frames/second
clickDestX,Y = 1, -107,  mapX,Y = 14, 31, curX,Y = 2, -106
DestID = 0
Path found in 0.000000 ms
Sending message to server: MOVE 2 -106 @215 -1 -1#
fixed speed = 0.062500
Got length 97 message
MX
-8 -96 0 418 -1 -8 -100 4.000000
-8 -100 0 0 -1
1 -89 0 5192 -1 -2 -92 4.000000
-2 -92 0 0 -1

New placement, responsible=-1
Got length 14 message
PE
8893388 13

Got length 26 message
MC
32 8 -15 -122
1597 205

Got map chunk with bin size 1597, compressed size 205
Got length 25 message
MC
8 22 -15 -114
1074 94

Got map chunk with bin size 1074, compressed size 94
Got length 44 message
PM
8893404 3 -105 0.748 0.748 0 -1 -1 -2 -2

Got length 16 message
PE
8893377 32 1

clickDestX,Y = 2, -108,  mapX,Y = 45, 27, curX,Y = 1, -107
DestID = 0
Path found in 0.000000 ms
Sending message to server: MOVE 1 -107 @216 1 -1#
fixed speed = 0.062500
Sending message to server: FLIP 3 -108#
Got length 43 message
PM
8893404 2 -106 0.608 0.608 0 -1 -1 0 -2

Got length 13 message
FL
8893404 0

clickDestX,Y = 3, -108,  mapX,Y = 46, 27, curX,Y = 2, -108
DestID = 0
Path found in 0.000000 ms
Sending message to server: MOVE 1 -107 @217 1 -1 2 -1#
fixed speed = 0.055592
Got length 42 message
PM
8893404 1 -107 0.680 0.680 0 1 -1 2 -1

clickDestX,Y = 3, -109,  mapX,Y = 46, 26, curX,Y = 3, -108
DestID = 0
Path found in 0.000000 ms
Sending message to server: MOVE 2 -108 @218 1 -1#
fixed speed = 0.062500
Got length 42 message
PM
8893404 1 -107 0.693 0.693 0 1 -1 2 -2

Got length 150 message
MX
13 -90 0 1435 -1 17 -90 4.000000
17 -90 0 0 -1
-21 -119 0 5868 -1 -17 -119 4.000000
-17 -119 0 0 -1
29 -94 0 2174 -1 25 -90 4.000000
25 -90 0 0 -1

New placement, responsible=-1
New placement, responsible=-1
clickDestX,Y = 4, -108,  mapX,Y = 47, 27, curX,Y = 3, -109
DestID = 0
Path found in 0.000000 ms
Sending message to server: MOVE 2 -108 @219 1 0 2 0#
fixed speed = 0.062500
Got length 40 message
PM
8893404 2 -108 0.544 0.544 0 1 0 2 0

clickDestX,Y = 4, -109,  mapX,Y = 47, 26, curX,Y = 4, -108
DestID = 0
Path found in 0.000000 ms
Sending message to server: MOVE 4 -108 @220 0 -1#
fixed speed = 0.062500
Got length 41 message
PM
8893404 3 -108 0.490 0.490 0 1 0 1 -1

Got length 17 message
HX
0.07 6.89 0.00
clickDestX,Y = 5, -110,  mapX,Y = 48, 25, curX,Y = 4, -109
DestID = 0
Path found in 0.000000 ms
Sending message to server: MOVE 4 -109 @221 1 -1#
fixed speed = 0.062500
Got length 42 message
PM
8893404 4 -108 0.663 0.663 0 0 -1 1 -2

Frame rate = 59.417712 frames/second
clickDestX,Y = 6, -111,  mapX,Y = 49, 24, curX,Y = 5, -110
DestID = 0
Path found in 0.000000 ms
Sending message to server: MOVE 5 -110 @222 1 -1#
fixed speed = 0.062500
Got length 212 message
MX
-23 -118 0 5872 -1 -19 -122 4.000000
-19 -122 0 0 -1
-22 -93 0 5191 -1 -18 -97 4.000000
-18 -97 0 0 -1
-20 -122 0 5869 -1 -16 -118 4.000000
-16 -118 0 0 -1
-20 -128 0 2174 -1 -14 -122 4.000000
-14 -122 0 0 -1

New placement, responsible=-1
New placement, responsible=-1
New placement, responsible=-1
New placement, responsible=-1
Got length 42 message
PM
8893404 4 -109 0.662 0.659 0 1 -1 2 -2

Got length 14 message
PE
8893309 13

clickDestX,Y = 7, -111,  mapX,Y = 50, 24, curX,Y = 6, -111
DestID = 0
Path found in 0.000000 ms
Sending message to server: MOVE 6 -111 @223 1 0#
fixed speed = 0.062500
Got length 42 message
PM
8893404 5 -110 0.625 0.625 0 1 -1 2 -1

clickDestX,Y = 8, -111,  mapX,Y = 51, 24, curX,Y = 7, -111
DestID = 0
Path found in 0.999928 ms
Sending message to server: MOVE 7 -111 @224 1 0#
fixed speed = 0.062500
Got length 40 message
PM
8893404 6 -111 0.599 0.599 0 1 0 2 0

clickDestX,Y = 8, -111,  mapX,Y = 51, 24, curX,Y = 8, -111
DestID = 0
clickDestX,Y = 8, -112,  mapX,Y = 51, 23, curX,Y = 8, -111
DestID = 0
Path found in 0.000000 ms
Sending message to server: MOVE 8 -111 @225 0 -1#
fixed speed = 0.062500
Got length 41 message
PM
8893404 7 -111 0.458 0.457 0 1 0 1 -1

Got length 95 message
MX
-3 -93 0 5191 -1 1 -89 4.000000
1 -89 0 0 -1
-12 -96 0 418 -1 -8 -96 4.000000
-8 -96 0 0 -1

Playing 0 pending received messages for 8893404
Reached dest (8,-112) -0.000334 seconds early
Frame rate = 59.988000 frames/second
Got length 92 message
PU
8893404 353 0 0 0 0 0 0 0 0 -1 0.07 225 0 8 -112 15.20 60.00 3.75 0;0;0;0;0;0 0 0 -1 0 0

PLAYER_UPDATE with heldOrVal=0, heldOrx=0, heldOry=0, pX=8, pY=-112, heldTransSrcID=-1, holdingString=0
Sending message to server: USE 9 -112#
Got length 13 message
PE
8893371 1

Got length 98 message
PU
8893404 353 1 1 9 -112 808 0 0 0 805 0.07 225 0 8 -112 15.20 60.00 3.75 0;0;0;0;0;0 0 0 -1 1 1

PLAYER_UPDATE with heldOrVal=0, heldOrx=0, heldOry=0, pX=8, pY=-112, heldTransSrcID=805, holdingString=808
Got length 23 message
MX
9 -112 0 0 -8893404

Got length 17 message
HX
0.07 6.89 0.00
Sending message to server: SELF 8 -112 -1#
Got length 97 message
PU
8893404 353 0 1 8 -112 0 0 0 0 -1 0.07 225 0 8 -112 15.20 60.00 3.75 0;0;0;0;0;0 1 808 -1 0 0

PLAYER_UPDATE with heldOrVal=0, heldOrx=0, heldOry=0, pX=8, pY=-112, heldTransSrcID=-1, holdingString=0
Got length 28 message
FX
17 19 808 11 3.75 -1 0 0

Our food = 17/19
clickDestX,Y = 7, -112,  mapX,Y = 50, 23, curX,Y = 8, -112
DestID = 0
Path found in 0.000000 ms
Sending message to server: MOVE 8 -112 @226 -1 0#
fixed speed = 0.062500
Sending message to server: FLIP 6 -112#
Got length 103 message
MX
-17 -119 0 5867 -1 -21 -119 4.000000
-21 -119 0 0 -1
17 -90 0 1435 -1 13 -90 4.000000
13 -90 0 0 -1

New placement, responsible=-1
Got length 14 message
PE
8893377 37

Got length 37 message
PM
8893404 8 -112 0.267 0.267 0 -1 0

Got length 13 message
FL
8893404 1

clickDestX,Y = 6, -112,  mapX,Y = 49, 23, curX,Y = 7, -112
DestID = 0
Path found in 0.000000 ms
Sending message to server: MOVE 7 -112 @227 -1 0#
fixed speed = 0.062500
Got length 42 message
PM
8893404 8 -112 0.402 0.401 0 -1 0 -2 0

Got length 14 message
PE
8839322 13

clickDestX,Y = 5, -113,  mapX,Y = 48, 22, curX,Y = 6, -112
DestID = 0
Path found in 0.000000 ms
Sending message to server: MOVE 6 -112 @228 -1 -1#
fixed speed = 0.062500
Got length 43 message
PM
8893404 7 -112 0.555 0.555 0 -1 0 -2 -1

clickDestX,Y = 5, -114,  mapX,Y = 48, 21, curX,Y = 5, -113
DestID = 0
Path found in 0.000000 ms
Sending message to server: MOVE 6 -112 @229 -1 -1 -1 -2#
fixed speed = 0.055592
Got length 44 message
PM
8893404 6 -112 0.622 0.622 0 -1 -1 -1 -2

clickDestX,Y = 4, -114,  mapX,Y = 47, 21, curX,Y = 5, -114
DestID = 0
Path found in 0.000000 ms
Sending message to server: MOVE 5 -113 @230 -1 -1#
fixed speed = 0.062500
Got length 44 message
PM
8893404 6 -112 0.650 0.650 0 -1 -1 -2 -2

Got length 138 message
MX
-22 -97 0 5190 -1 -22 -93 4.000000
-23 -118 0 0 -1
26 -101 0 51 -1
-16 -126 0 5868 -1 -20 -122 4.000000
-20 -122 0 0 -1
20 -99 0 51 -1

New placement, responsible=-1
New placement, responsible=-1
New placement, responsible=-1
Frame rate = 60.024005 frames/second
clickDestX,Y = 4, -115,  mapX,Y = 47, 20, curX,Y = 4, -114
DestID = 0
Path found in 0.000000 ms
Sending message to server: MOVE 5 -113 @231 -1 -1 -1 -2#
fixed speed = 0.055592
clickDestX,Y = 3, -115,  mapX,Y = 46, 20, curX,Y = 4, -115
DestID = 0
Path found in 0.000000 ms
Sending message to server: MOVE 4 -114 @232 -1 -1#
fixed speed = 0.062500
Got length 26 message
MC
32 8 -12 -130
1607 197

Got map chunk with bin size 1607, compressed size 197
Got length 23 message
MC
3 22 17 -122
414 85

Got map chunk with bin size 414, compressed size 85
Got length 44 message
PM
8893404 5 -113 0.645 0.644 0 -1 -1 -1 -2

Got length 19 message
MX
15 -129 0 52 -1

Got length 44 message
PM
8893404 5 -113 0.727 0.727 0 -1 -1 -2 -2

clickDestX,Y = 2, -115,  mapX,Y = 16, 28, curX,Y = 3, -115
DestID = 0
Path found in 2.000093 ms
Sending message to server: MOVE 3 -115 @233 -1 0#
fixed speed = 0.062500
Got length 44 message
PM
8893404 4 -114 0.642 0.642 0 -1 -1 -2 -1

Got length 17 message
HX
0.07 6.89 0.00
clickDestX,Y = 1, -116,  mapX,Y = 15, 27, curX,Y = 2, -115
DestID = 0
Path found in 0.000000 ms
Sending message to server: MOVE 2 -115 @234 -1 -1#
fixed speed = 0.062500
Got length 43 message
PM
8893404 3 -115 0.716 0.716 0 -1 0 -2 -1

Got length 17 message
PE
8893360 31 30

Got length 108 message
PU
8893360 2464 0 0 0 0 0 0 0 0 -1 0.11 0 0 X X 42.66 60.00 3.75 0;0;2886;2886;0;0 0 0 -1 0 0 reason_hunger

Playing 0 pending received messages for 8893360     (skipping those that don't affect other players or map)
Got length 36 message
FW
8893376 8893383 -1
8893383 -1 -1

Got length 14 message
PE
8893341 13

Got length 113 message
MX
-8 -93 0 5190 -1 -3 -93 4.000000
-3 -93 0 0 -1
12 -99 0 51 -1
-5 -89 0 418 -1 -12 -96 4.000000
-12 -96 0 0 -1

New placement, responsible=-1
New placement, responsible=-1
New placement, responsible=-1
clickDestX,Y = 0, -117,  mapX,Y = 14, 26, curX,Y = 1, -116
DestID = 0
Path found in 0.000000 ms
Sending message to server: MOVE 1 -116 @235 -1 -1#
fixed speed = 0.062500
Got length 44 message
PM
8893404 2 -115 0.712 0.712 0 -1 -1 -2 -2

clickDestX,Y = 0, -118,  mapX,Y = 14, 25, curX,Y = 0, -117
DestID = 0
Path found in 0.000000 ms
Sending message to server: MOVE 1 -116 @236 -1 -1 -1 -2#
fixed speed = 0.055592
clickDestX,Y = -1, -118,  mapX,Y = 13, 25, curX,Y = 0, -118
DestID = 0
Path found in 0.000000 ms
Sending message to server: MOVE 0 -117 @237 -1 -1#
fixed speed = 0.062500
Got length 44 message
PM
8893404 1 -116 0.660 0.660 0 -1 -1 -1 -2

Got length 44 message
PM
8893404 1 -116 0.737 0.737 0 -1 -1 -2 -2

Frame rate = 59.988009 frames/second
clickDestX,Y = -1, -119,  mapX,Y = 13, 24, curX,Y = -1, -118
DestID = 0
Path found in 0.000000 ms
Sending message to server: MOVE 0 -117 @238 -1 -1 -1 -2#
fixed speed = 0.055592
clickDestX,Y = -2, -119,  mapX,Y = 12, 24, curX,Y = -1, -119
DestID = 0
Path found in 0.000000 ms
Sending message to server: MOVE -1 -118 @239 -1 -1#
fixed speed = 0.062500
Got length 44 message
PM
8893404 0 -117 0.647 0.647 0 -1 -1 -1 -2

Got length 44 message
PM
8893404 0 -117 0.736 0.736 0 -1 -1 -2 -2

clickDestX,Y = -1, -119,  mapX,Y = 13, 24, curX,Y = -2, -119
DestID = 0
Path found in 0.000000 ms
Sending message to server: MOVE -1 -118 @240 0 -1#
fixed speed = 0.062500
Got length 72 message
MX
17 -107 0 52 -1
-16 -120 0 5866 -1 -17 -119 4.000000
-17 -119 0 0 -1

New placement, responsible=-1
Got length 38 message
PM
8893404 -1 -118 0.390 0.387 0 0 -1

clickDestX,Y = -2, -120,  mapX,Y = 12, 23, curX,Y = -1, -119
DestID = 0
Path found in 0.000000 ms
Sending message to server: MOVE -1 -119 @241 -1 -1#
fixed speed = 0.062500
Got length 44 message
PM
8893404 -1 -118 0.578 0.578 0 0 -1 -1 -2

Got length 13 message
PE
8893402 6

clickDestX,Y = -3, -120,  mapX,Y = 11, 23, curX,Y = -2, -120
DestID = 0
Path found in 0.000000 ms
Sending message to server: MOVE -2 -120 @242 -1 0#
fixed speed = 0.062500
Got length 45 message
PM
8893404 -1 -119 0.520 0.520 0 -1 -1 -2 -1

Got length 17 message
HX
0.07 6.89 0.00
Got length 16 message
PE
8893377 32 1

clickDestX,Y = -4, -120,  mapX,Y = 10, 23, curX,Y = -3, -120
DestID = 0
Path found in 0.000000 ms
Sending message to server: MOVE -3 -120 @243 -1 0#
fixed speed = 0.062500
Got length 25 message
MC
32 5 -20 -135
993 120

Got map chunk with bin size 993, compressed size 120
Got length 26 message
MC
8 25 -20 -130
1255 149

Got map chunk with bin size 1255, compressed size 149
Got length 43 message
PM
8893404 -2 -120 0.620 0.620 0 -1 0 -2 0

Got length 104 message
MX
-1 -134 0 5864 -1 2 -131 4.000000
2 -131 0 0 -1
-13 -134 0 5862 -1 -13 -130 4.000000
-13 -130 0 0 -1

New placement, responsible=-1
New placement, responsible=-1
clickDestX,Y = -5, -120,  mapX,Y = 43, 30, curX,Y = -4, -120
DestID = 0
Path found in 0.000000 ms
Sending message to server: MOVE -4 -120 @244 -1 0#
fixed speed = 0.062500
Got length 125 message
MX
15 -115 0 52 -1
-23 -118 0 5870 -1 -27 -122 4.000000
-27 -122 0 0 -1
-12 -130 0 5867 -1 -16 -126 4.000000
-16 -126 0 0 -1

New placement, responsible=-1
New placement, responsible=-1
Got length 43 message
PM
8893404 -3 -120 0.570 0.570 0 -1 0 -2 0

clickDestX,Y = -6, -120,  mapX,Y = 42, 30, curX,Y = -5, -120
DestID = 0
Path found in 0.000000 ms
Sending message to server: MOVE -5 -120 @245 -1 0#
fixed speed = 0.062500
Got length 94 message
PU
8893404 353 0 0 8 -112 0 0 0 0 -1 0.07 0 0 -4 -120 15.28 60.00 3.75 0;0;0;0;0;0 0 0 -1 0 0

PLAYER_UPDATE with heldOrVal=0, heldOrx=0, heldOry=0, pX=-4, pY=-120, heldTransSrcID=-1, holdingString=0
Got length 43 message
PM
8893404 -4 -120 0.550 0.550 0 -1 0 -2 0

Frame rate = 59.988000 frames/second
clickDestX,Y = -7, -120,  mapX,Y = 41, 30, curX,Y = -6, -120
DestID = 0
Path found in 0.000000 ms
Sending message to server: MOVE -6 -120 @246 -1 0#
fixed speed = 0.062500
Got length 43 message
PM
8893404 -5 -120 0.542 0.542 0 -1 0 -2 0

clickDestX,Y = -8, -120,  mapX,Y = 40, 30, curX,Y = -7, -120
DestID = 0
Path found in 0.000000 ms
Sending message to server: MOVE -7 -120 @247 -1 0#
fixed speed = 0.062500
Got length 43 message
PM
8893404 -6 -120 0.537 0.537 0 -1 0 -2 0

Got length 149 message
MX
-4 -89 0 5189 -1 -8 -93 4.000000
-8 -93 0 0 -1
-9 -89 0 418 -1 -5 -89 4.000000
-5 -89 0 0 -1
-14 -134 0 2174 -1 -20 -128 4.000000
-20 -128 0 0 -1

New placement, responsible=-1
New placement, responsible=-1
clickDestX,Y = -9, -121,  mapX,Y = 39, 29, curX,Y = -8, -120
DestID = 0
Path found in 0.000000 ms
Sending message to server: MOVE -8 -120 @248 -1 -1#
fixed speed = 0.062500
Got length 14 message
PE
8893388 13

Got length 44 message
PM
8893404 -7 -120 0.644 0.644 0 -1 0 -2 -1

clickDestX,Y = -9, -121,  mapX,Y = 39, 29, curX,Y = -9, -121
DestID = 0
clickDestX,Y = -10, -120,  mapX,Y = 38, 30, curX,Y = -9, -121
DestID = 0
Path found in 0.000000 ms
Sending message to server: MOVE -9 -121 @249 -1 1#
fixed speed = 0.062500
Got length 44 message
PM
8893404 -8 -120 0.689 0.689 0 -1 -1 -2 0

Got length 17 message
HX
0.07 6.89 0.00
clickDestX,Y = -11, -120,  mapX,Y = 37, 30, curX,Y = -10, -120
DestID = 0
Path found in 0.000000 ms
Sending message to server: MOVE -10 -120 @250 -1 0#
fixed speed = 0.062500
Got length 43 message
PM
8893404 -9 -121 0.647 0.647 0 -1 1 -2 1

clickDestX,Y = -12, -120,  mapX,Y = 36, 30, curX,Y = -11, -120
DestID = 0
Path found in 0.000000 ms
Sending message to server: MOVE -11 -120 @251 -1 0#
fixed speed = 0.062500
Got length 26 message
MC
8 30 -28 -135
1499 160

Got map chunk with bin size 1499, compressed size 160
Got length 44 message
PM
8893404 -10 -120 0.622 0.622 0 -1 0 -2 0

Got length 162 message
MX
-22 -126 0 5198 -1 -22 -129 2.000000
-22 -129 0 0 -1
-23 -117 0 2174 -1 -23 -123 4.000000
-23 -123 0 0 -1
-22 -116 0 1435 -1 -22 -119 4.000000
-22 -119 0 0 -1

Frame rate = 60.024005 frames/second
Got length 158 message
MX
-16 -137 0 5862 -1 -13 -134 4.000000
-13 -134 0 0 -1
-19 -117 0 5865 -1 -16 -120 4.000000
-16 -120 0 0 -1
3 -130 0 5864 -1 -1 -134 4.000000
-1 -134 0 0 -1

New placement, responsible=-1
New placement, responsible=-1
clickDestX,Y = -13, -119,  mapX,Y = 43, 33, curX,Y = -12, -120
DestID = 0
Path found in 0.000000 ms
Sending message to server: MOVE -12 -120 @252 -1 1#
fixed speed = 0.062500
Got length 44 message
PM
8893404 -11 -120 0.681 0.681 0 -1 0 -2 1

clickDestX,Y = -13, -119,  mapX,Y = 43, 33, curX,Y = -13, -119
DestID = 0
clickDestX,Y = -14, -120,  mapX,Y = 42, 32, curX,Y = -13, -119
DestID = 0
Path found in 0.000000 ms
Sending message to server: MOVE -13 -119 @253 -1 -1#
fixed speed = 0.062500
Got length 25 message
FX
16 19 0 0 3.75 -1 0 0

Our food = 16/19
Got length 44 message
PM
8893404 -12 -120 0.720 0.720 0 -1 1 -2 0

Got length 16 message
PE
8893373 28 5

clickDestX,Y = -15, -120,  mapX,Y = 41, 32, curX,Y = -14, -120
DestID = 0
Path found in 0.000000 ms
Sending message to server: MOVE -14 -120 @254 -1 0#
fixed speed = 0.062500
Got length 46 message
PM
8893404 -13 -119 0.649 0.649 0 -1 -1 -2 -1

Got length 109 message
MX
-20 -118 0 5869 -1 -23 -118 4.000000
-23 -118 0 0 -1
-15 -133 0 5866 -1 -12 -130 4.000000
-12 -130 0 0 -1

clickDestX,Y = -16, -120,  mapX,Y = 40, 32, curX,Y = -15, -120
DestID = 0
Path found in 0.000000 ms
Sending message to server: MOVE -15 -120 @255 -1 0#
fixed speed = 0.062500
Got length 44 message
PM
8893404 -14 -120 0.622 0.622 0 -1 0 -2 0

Got length 14 message
PE
8893309 13

clickDestX,Y = -17, -119,  mapX,Y = 39, 33, curX,Y = -16, -120
DestID = 0
Path found in 0.000000 ms
Sending message to server: MOVE -16 -120 @256 -1 1#
fixed speed = 0.062500
Got length 44 message
PM
8893404 -15 -120 0.681 0.681 0 -1 0 -2 1

clickDestX,Y = -17, -119,  mapX,Y = 39, 33, curX,Y = -17, -119
DestID = 0
Got length 17 message
HX
0.07 6.89 0.00
clickDestX,Y = -18, -120,  mapX,Y = 38, 32, curX,Y = -17, -119
DestID = 0
Path found in 0.999928 ms
Sending message to server: MOVE -17 -119 @257 -1 -1#
fixed speed = 0.062500
Got length 44 message
PM
8893404 -16 -120 0.723 0.722 0 -1 1 -2 0

Frame rate = 59.952039 frames/second
Got length 16 message
PE
8893384 19 5

Got length 16 message
PE
8893373 28 5

clickDestX,Y = -19, -120,  mapX,Y = 37, 32, curX,Y = -18, -120
DestID = 0
Path found in 0.000000 ms
Sending message to server: MOVE -18 -120 @258 -1 0#
fixed speed = 0.062500
Got length 175 message
MX
-4 -93 0 5188 -1 -4 -89 4.000000
-26 -126 0 5197 -1 -22 -126 2.000000
-22 -126 0 0 -1
-13 -93 0 418 -1 -9 -89 4.000000
-26 -112 0 1435 -1 -22 -116 4.000000
-22 -116 0 0 -1

New placement, responsible=-1
New placement, responsible=-1
New placement, responsible=-1
Got length 46 message
PM
8893404 -17 -119 0.648 0.648 0 -1 -1 -2 -1

clickDestX,Y = -20, -120,  mapX,Y = 36, 32, curX,Y = -19, -120
DestID = 0
Path found in 0.000000 ms
Sending message to server: MOVE -19 -120 @259 -1 0#
fixed speed = 0.062500
Got length 26 message
MC
8 30 -36 -135
1484 142

Got map chunk with bin size 1484, compressed size 142
Got length 44 message
PM
8893404 -18 -120 0.628 0.628 0 -1 0 -2 0

Got length 56 message
MX
-36 -117 0 2174 -1 -30 -117 4.000000
-30 -117 0 0 -1

New placement, responsible=-1
Got length 13 message
PE
8893371 1

clickDestX,Y = -21, -120,  mapX,Y = 43, 32, curX,Y = -20, -120
DestID = 0
Path found in 0.000000 ms
Sending message to server: MOVE -20 -120 @260 -1 0#
fixed speed = 0.062500
Got length 95 message
PU
8893404 353 0 0 8 -112 0 0 0 0 -1 0.07 0 0 -19 -120 15.35 60.00 3.75 0;0;0;0;0;0 0 0 -1 0 0

PLAYER_UPDATE with heldOrVal=0, heldOrx=0, heldOry=0, pX=-19, pY=-120, heldTransSrcID=-1, holdingString=0
Got length 44 message
PM
8893404 -19 -120 0.573 0.572 0 -1 0 -2 0

clickDestX,Y = -22, -120,  mapX,Y = 42, 32, curX,Y = -21, -120
DestID = 0
Path found in 0.000000 ms
Sending message to server: MOVE -21 -120 @261 -1 0#
fixed speed = 0.062500
Got length 44 message
PM
8893404 -20 -120 0.551 0.550 0 -1 0 -2 0

Got length 16 message
PE
8893384 28 5

Got length 172 message
MX
-12 -137 0 5862 -1 -16 -137 4.000000
-16 -137 0 0 -1
4 -122 0 51 -1
-15 -113 0 1435 -1 -19 -117 4.000000
-19 -117 0 0 -1
-1 -134 0 5864 -1 3 -130 4.000000
3 -130 0 0 -1

New placement, responsible=-1
New placement, responsible=-1
clickDestX,Y = -23, -120,  mapX,Y = 41, 32, curX,Y = -22, -120
DestID = 0
Path found in 0.000000 ms
Sending message to server: MOVE -22 -120 @262 -1 0#
fixed speed = 0.062500
Got length 14 message
PE
8893377 37

Got length 44 message
PM
8893404 -21 -120 0.542 0.542 0 -1 0 -2 0

Got length 14 message
PE
8839322 13

clickDestX,Y = -24, -120,  mapX,Y = 40, 32, curX,Y = -23, -120
DestID = 0
Path found in 0.000000 ms
Sending message to server: MOVE -23 -120 @263 -1 0#
fixed speed = 0.062500
Got length 44 message
PM
8893404 -22 -120 0.538 0.537 0 -1 0 -2 0

Frame rate = 60.060061 frames/second
clickDestX,Y = -25, -120,  mapX,Y = 39, 32, curX,Y = -24, -120
DestID = 0
Path found in 0.000000 ms
Sending message to server: MOVE -24 -120 @264 -1 0#
fixed speed = 0.062500
Got length 17 message
HX
0.07 6.89 0.00
Got length 44 message
PM
8893404 -23 -120 0.537 0.537 0 -1 0 -2 0

clickDestX,Y = -26, -120,  mapX,Y = 38, 32, curX,Y = -25, -120
DestID = 0
Path found in 0.000000 ms
Sending message to server: MOVE -25 -120 @265 -1 0#
fixed speed = 0.062500
Got length 44 message
PM
8893404 -24 -120 0.534 0.534 0 -1 0 -2 0

Got length 109 message
MX
-16 -114 0 5868 -1 -20 -118 4.000000
-20 -118 0 0 -1
-12 -136 0 5865 -1 -15 -133 4.000000
-15 -133 0 0 -1

New placement, responsible=-1
Playing 0 pending received messages for 8893404
Reached dest (-26,-120) -0.117333 seconds early
Got length 97 message
PU
8893404 353 0 0 8 -112 0 0 0 0 -1 0.07 265 0 -26 -120 15.38 60.00 3.75 0;0;0;0;0;0 0 0 -1 0 0

PLAYER_UPDATE with heldOrVal=0, heldOrx=0, heldOry=0, pX=-26, pY=-120, heldTransSrcID=-1, holdingString=0
Got length 14 message
PE
8893341 13

Got length 158 message
MX
-26 -125 0 5196 -1 -26 -126 2.000000
-26 -126 0 0 -1
-17 -97 0 418 -1 -13 -93 4.000000
-13 -93 0 0 -1
-26 -108 0 1435 -1 -26 -112 4.000000
-26 -112 0 0 -1

New placement, responsible=-1
New placement, responsible=-1
Frame rate = 58.275056 frames/second
Got length 17 message
HX
0.07 6.89 0.00
Got length 124 message
MX
-11 -136 0 5861 -1 -12 -137 4.000000
-12 -137 0 0 -1
-15 -109 0 5864 -1 -15 -113 4.000000
-15 -113 0 0 -1
-1 -134 0 0 -1

New placement, responsible=-1
Got length 13 message
PE
8893402 6

Frame rate = 58.241118 frames/second
Got length 17 message
PE
8893402 31 30

Got length 215 message
MX
-17 -111 0 2174 -1 -23 -117 4.000000
-23 -117 0 0 -1
-16 -132 0 1435 -1 -12 -136 4.000000
-12 -136 0 0 -1
-12 -110 0 5867 -1 -16 -114 4.000000
-16 -114 0 0 -1
-10 -134 0 2174 -1 -14 -134 4.000000
-14 -134 0 0 -1

Got length 16 message
PE
8893375 32 1

Got length 25 message
FX
15 19 0 0 3.75 -1 0 0

Our food = 15/19
Got length 17 message
HX
0.07 6.89 0.00
Got length 108 message
MX
-26 -127 0 531 -1 -26 -125 4.000000
-26 -125 0 0 -1
-30 -112 0 5864 -1 -26 -108 4.000000
-26 -108 0 0 -1

Got length 14 message
PE
8893388 13

Frame rate = 59.988009 frames/second
Got length 161 message
MX
-32 -121 0 2174 -1 -36 -117 4.000000
-36 -117 0 0 -1
-8 -139 0 1436 -1 -11 -136 4.000000
-11 -136 0 0 -1
-19 -113 0 5864 -1 -15 -109 4.000000
-15 -109 0 0 -1

New placement, responsible=-1
New placement, responsible=-1
Got length 17 message
HX
0.07 6.89 0.00
Got length 16 message
PE
8893377 32 1

Got length 109 message
MX
-12 -114 0 5866 -1 -12 -110 4.000000
-12 -110 0 0 -1
-12 -136 0 1435 -1 -16 -132 4.000000
-16 -132 0 0 -1

New placement, responsible=-1
Frame rate = 59.952030 frames/second
Got length 14 message
PE
8893309 13

Got length 109 message
MX
-26 -131 0 5195 -1 -26 -127 4.000000
-26 -127 0 0 -1
-33 -109 0 5864 -1 -30 -112 4.000000
-30 -112 0 0 -1

New placement, responsible=-1
Got length 13 message
PE
8893371 1

Got length 17 message
HX
0.07 6.89 0.00
Frame rate = 58.275064 frames/second
Got length 106 message
MX
-8 -142 0 5873 -1 -8 -139 4.000000
-8 -139 0 0 -1
-15 -109 0 5863 -1 -19 -113 4.000000
-19 -113 0 0 -1

New placement, responsible=-1
Got length 14 message
PE
8893377 37

Got length 14 message
PE
8839322 13

clickDestX,Y = -27, -120,  mapX,Y = 37, 32, curX,Y = -26, -120
DestID = 0
Path found in 0.000000 ms
Sending message to server: MOVE -26 -120 @266 -1 0#
fixed speed = 0.062735
Got length 39 message
PM
8893404 -26 -120 0.267 0.267 0 -1 0

clickDestX,Y = -28, -120,  mapX,Y = 36, 32, curX,Y = -27, -120
DestID = 0
Path found in 0.000000 ms
Sending message to server: MOVE -27 -120 @267 -1 0#
fixed speed = 0.062500
Got length 26 message
MC
8 30 -44 -135
1514 208

Got map chunk with bin size 1514, compressed size 208
Got length 44 message
PM
8893404 -26 -120 0.403 0.403 0 -1 0 -2 0

Got length 90 message
MX
-36 -128 0 5863 -1 -40 -132 4.000000
-40 -132 0 0 -1
-44 -127 0 52 -1
-41 -119 0 50 -1

New placement, responsible=-1
clickDestX,Y = -29, -120,  mapX,Y = 43, 32, curX,Y = -28, -120
DestID = 0
Path found in 0.000000 ms
Sending message to server: MOVE -28 -120 @268 -1 0#
fixed speed = 0.062500
Got length 44 message
PM
8893404 -27 -120 0.448 0.446 0 -1 0 -2 0

Got length 55 message
MX
-8 -118 0 5865 -1 -12 -114 4.000000
-12 -114 0 0 -1

clickDestX,Y = -30, -120,  mapX,Y = 42, 32, curX,Y = -29, -120
DestID = 0
Path found in 0.000000 ms
Sending message to server: MOVE -29 -120 @269 -1 0#
fixed speed = 0.062500
Got length 44 message
PM
8893404 -28 -120 0.481 0.481 0 -1 0 -2 0

clickDestX,Y = -31, -120,  mapX,Y = 41, 32, curX,Y = -30, -120
DestID = 0
Path found in 0.000000 ms
Sending message to server: MOVE -30 -120 @270 -1 0#
fixed speed = 0.062500
Got length 44 message
PM
8893404 -29 -120 0.506 0.505 0 -1 0 -2 0

Frame rate = 58.823528 frames/second
clickDestX,Y = -32, -120,  mapX,Y = 40, 32, curX,Y = -31, -120
DestID = 0
Path found in 0.000000 ms
Sending message to server: MOVE -31 -120 @271 -1 0#
fixed speed = 0.062500
Got length 44 message
PM
8893404 -30 -120 0.517 0.517 0 -1 0 -2 0

Got length 17 message
HX
0.07 6.89 0.00
clickDestX,Y = -33, -120,  mapX,Y = 39, 32, curX,Y = -32, -120
DestID = 0
Path found in 0.000000 ms
Sending message to server: MOVE -32 -120 @272 -1 0#
fixed speed = 0.062500
Got length 44 message
PM
8893404 -31 -120 0.526 0.526 0 -1 0 -2 0

Got length 14 message
PE
8893341 13

Got length 109 message
MX
-26 -127 0 5194 -1 -26 -131 4.000000
-26 -131 0 0 -1
-30 -112 0 5864 -1 -33 -109 4.000000
-33 -109 0 0 -1

New placement, responsible=-1
clickDestX,Y = -34, -120,  mapX,Y = 38, 32, curX,Y = -33, -120
DestID = 0
Path found in 0.000000 ms
Sending message to server: MOVE -33 -120 @273 -1 0#
fixed speed = 0.062500
Got length 44 message
PM
8893404 -32 -120 0.529 0.528 0 -1 0 -2 0

Got length 25 message
FX
14 20 0 0 3.75 -1 0 0

Our food = 14/20
clickDestX,Y = -35, -120,  mapX,Y = 37, 32, curX,Y = -34, -120
DestID = 0
Path found in 0.000000 ms
Sending message to server: MOVE -34 -120 @274 -1 0#
fixed speed = 0.062500
Got length 44 message
PM
8893404 -33 -120 0.529 0.529 0 -1 0 -2 0

Got length 17 message
PE
8893402 31 30

clickDestX,Y = -36, -120,  mapX,Y = 36, 32, curX,Y = -35, -120
DestID = 0
Path found in 0.000000 ms
Sending message to server: MOVE -35 -120 @275 -1 0#
fixed speed = 0.062500
Got length 26 message
MC
8 30 -52 -135
1465 129

Got map chunk with bin size 1465, compressed size 129
Got length 44 message
PM
8893404 -34 -120 0.527 0.527 0 -1 0 -2 0

Got length 20 message
MX
-51 -121 0 50 -1

clickDestX,Y = -37, -120,  mapX,Y = 43, 32, curX,Y = -36, -120
DestID = 0
Path found in 0.000000 ms
Sending message to server: MOVE -36 -120 @276 -1 0#
fixed speed = 0.062500
Got length 44 message
PM
8893404 -35 -120 0.508 0.508 0 -1 0 -2 0

Got length 162 message
MX
-36 -132 0 5862 -1 -36 -128 4.000000
-36 -128 0 0 -1
-11 -111 0 2174 -1 -17 -111 4.000000
-17 -111 0 0 -1
-11 -109 0 5863 -1 -15 -109 4.000000
-15 -109 0 0 -1

clickDestX,Y = -44, -121,  mapX,Y = 36, 31, curX,Y = -37, -120
DestID = 0
Path found in 0.000000 ms
Sending message to server: MOVE -36 -120 @277 -1 -1 -2 -1 -3 -2 -4 -1 -5 -1 -6 -2 -7 -1 -8 -1#
fixed speed = 0.051716
Got length 24 message
MC
32 1 -60 -136
207 57

Got map chunk with bin size 207, compressed size 57
Got length 26 message
MC
8 29 -60 -135
1441 146

Got map chunk with bin size 1441, compressed size 146
Got length 95 message
PU
8893404 353 0 0 8 -112 0 0 0 0 -1 0.07 0 0 -36 -120 15.56 60.00 3.75 0;0;0;0;0;0 0 0 -1 0 0

PLAYER_UPDATE with heldOrVal=0, heldOrx=0, heldOry=0, pX=-36, pY=-120, heldTransSrcID=-1, holdingString=0
Got length 82 message
PM
8893404 -36 -120 2.696 2.696 0 -1 -1 -2 -1 -3 -2 -4 -1 -5 -1 -6 -2 -7 -1 -8 -1

Got length 71 message
MX
-58 -118 0 52 -1
-57 -116 0 50 -1
-57 -113 0 52 -1
-60 -112 0 52 -1

Frame rate = 59.347183 frames/second
Got length 14 message
PE
8893402 -1

clickDestX,Y = -50, -121,  mapX,Y = 38, 32, curX,Y = -44, -121
DestID = 0
Path found in 0.000000 ms
Sending message to server: MOVE -37 -121 @278 -1 0 -2 -1 -3 0 -4 0 -5 -1 -6 0 -7 0 -8 0 -9 0 -10 0 -11 0 -12 0 -13 0#
fixed speed = 0.055664
Got length 105 message
PM
8893404 -37 -121 4.055 4.055 0 -1 0 -2 -1 -3 0 -4 0 -5 -1 -6 0 -7 0 -8 0 -9 0 -10 0 -11 0 -12 0 -13 0

Got length 13 message
PE
8893402 6

clickDestX,Y = -53, -122,  mapX,Y = 35, 31, curX,Y = -50, -121
DestID = 65
Path not found in 0.000000 ms
Path found in 0.000000 ms
Path found in 0.000000 ms
Path found in 0.000000 ms
Path found in 0.000000 ms
Sending message to server: MOVE -37 -121 @279 -1 -1 -2 -1 -3 -1 -4 -2 -5 -1 -6 -1 -7 -1 -8 -1 -9 -1 -10 -1 -11 -1 -12 -1 -13 -1 -14 -1 -15 -1#
fixed speed = 0.058200
Got length 24 message
MC
32 1 -68 -137
199 54

Got map chunk with bin size 199, compressed size 54
Got length 26 message
MC
8 29 -68 -136
1432 159

Got map chunk with bin size 1432, compressed size 159
Got length 95 message
PU
8893404 353 0 0 8 -112 0 0 0 0 -1 0.07 0 0 -37 -121 15.57 60.00 3.75 0;0;0;0;0;0 0 0 -1 0 0

PLAYER_UPDATE with heldOrVal=0, heldOrx=0, heldOry=0, pX=-37, pY=-121, heldTransSrcID=-1, holdingString=0
Got length 130 message
PM
8893404 -37 -121 4.235 4.235 0 -1 -1 -2 -1 -3 -1 -4 -2 -5 -1 -6 -1 -7 -1 -8 -1 -9 -1 -10 -1 -11 -1 -12 -1 -13 -1 -14 -1 -15 -1

Got length 27 message
MC
14 30 -36 -137
2620 255

Got map chunk with bin size 2620, compressed size 255
Got length 20 message
MX
-64 -113 0 52 -1

Got length 27 message
MC
14 30 -68 -137
2596 238

Got map chunk with bin size 2596, compressed size 238
Got length 17 message
HX
0.07 6.89 0.00
Got length 46 message
PM
8893383 -80 -127 0.910 0.909 0 1 1 2 1 3 1

Manually forced
fixed speed = 0.057536
clickDestX,Y = -68, -119,  mapX,Y = 25, 35, curX,Y = -52, -122
DestID = 0
Path not found in 0.000000 ms
Path found in 0.000000 ms
Sending message to server: MOVE -38 -122 @280 -1 0 -2 1 -3 2 -4 2 -5 2 -6 2 -7 2 -8 2 -9 2 -10 2 -11 2 -12 2 -13 2 -14 1 -15 2 -16 2#
fixed speed = 0.057606
Got length 27 message
MC
13 30 -36 -137
2434 240

Got map chunk with bin size 2434, compressed size 240
Got length 95 message
PU
8893404 353 0 0 8 -112 0 0 0 0 -1 0.07 0 0 -38 -122 15.57 60.00 3.75 0;0;0;0;0;0 0 0 -1 0 0

PLAYER_UPDATE with heldOrVal=0, heldOrx=0, heldOry=0, pX=-38, pY=-122, heldTransSrcID=-1, holdingString=0
Got length 121 message
PM
8893404 -38 -122 4.681 4.681 0 -1 0 -2 1 -3 2 -4 2 -5 2 -6 2 -7 2 -8 2 -9 2 -10 2 -11 2 -12 2 -13 2 -14 1 -15 2 -16 2

Got length 24 message
MC
32 2 -70 -107
391 66

Got map chunk with bin size 391, compressed size 66
Got length 27 message
MC
15 28 -70 -135
2608 268

Got map chunk with bin size 2608, compressed size 268
Got length 20 message
MX
-69 -109 0 52 -1

clickDestX,Y = -62, -121,  mapX,Y = 33, 32, curX,Y = -54, -120
DestID = 0
Path not found in 0.999928 ms
Path found in 0.000000 ms
Sending message to server: MOVE -39 -122 @281 -1 1 -2 1 -3 0 -4 1 -5 1 -6 1 -7 1 -8 1 -9 1 -10 1 -11 1 -12 1 -13 1 -14 1 -15 1#
fixed speed = 0.058200
Got length 24 message
MC
32 1 -56 -136
203 57

Got map chunk with bin size 203, compressed size 57
Got length 27 message
MC
14 29 -38 -135
2540 262

Got map chunk with bin size 2540, compressed size 262
Got length 95 message
PU
8893404 353 0 0 8 -112 0 0 0 0 -1 0.07 0 0 -39 -122 15.58 60.00 3.75 0;0;0;0;0;0 0 0 -1 0 0

PLAYER_UPDATE with heldOrVal=0, heldOrx=0, heldOry=0, pX=-39, pY=-122, heldTransSrcID=-1, holdingString=0
Got length 115 message
PM
8893404 -39 -122 4.353 4.353 0 -1 1 -2 1 -3 0 -4 1 -5 1 -6 1 -7 1 -8 1 -9 1 -10 1 -11 1 -12 1 -13 1 -14 1 -15 1

Got length 27 message
MC
14 30 -70 -136
2612 269

Got map chunk with bin size 2612, compressed size 269
clickDestX,Y = -65, -120,  mapX,Y = 30, 33, curX,Y = -54, -121
DestID = 0
Path not found in 1.000166 ms
Path found in 0.000000 ms
Sending message to server: MOVE -39 -122 @282 -1 1 -2 2 -3 2 -4 2 -5 2 -6 2 -7 2 -8 2 -9 2 -10 2 -11 2 -12 2 -13 1 -14 2 -15 2 -16 2#
fixed speed = 0.058523
Got length 27 message
MC
14 30 -38 -136
2628 277

Got map chunk with bin size 2628, compressed size 277
Got length 95 message
PU
8893404 353 0 0 8 -112 0 0 0 0 -1 0.07 0 0 -39 -122 15.58 60.00 3.75 0;0;0;0;0;0 0 0 -1 0 0

PLAYER_UPDATE with heldOrVal=0, heldOrx=0, heldOry=0, pX=-39, pY=-122, heldTransSrcID=-1, holdingString=0
Got length 121 message
PM
8893404 -39 -122 4.496 4.495 0 -1 1 -2 2 -3 2 -4 2 -5 2 -6 2 -7 2 -8 2 -9 2 -10 2 -11 2 -12 2 -13 1 -14 2 -15 2 -16 2

Got length 24 message
MC
32 1 -71 -106
195 50

Got map chunk with bin size 195, compressed size 50
Got length 27 message
MC
15 29 -71 -135
2702 267

Got map chunk with bin size 2702, compressed size 267
clickDestX,Y = -67, -121,  mapX,Y = 29, 32, curX,Y = -55, -120
DestID = 0
Path not found in 0.000000 ms
Path found in 2.000093 ms
Sending message to server: MOVE -39 -122 @283 -1 1 -2 1 -3 0 -4 1 -5 1 -6 1 -7 1 -8 1 -9 1 -10 1 -11 1 -12 1 -13 1 -14 1 -15 1#
fixed speed = 0.058200
Got length 24 message
MC
32 1 -56 -136
203 57

Got map chunk with bin size 203, compressed size 57
Got length 27 message
MC
15 29 -39 -135
2727 295

Got map chunk with bin size 2727, compressed size 295
Got length 115 message
PM
8893404 -39 -122 4.138 4.138 0 -1 1 -2 1 -3 0 -4 1 -5 1 -6 1 -7 1 -8 1 -9 1 -10 1 -11 1 -12 1 -13 1 -14 1 -15 1

Got length 27 message
MC
14 30 -70 -136
2612 269

Got map chunk with bin size 2612, compressed size 269
Got length 111 message
PU
8893383 2404 0 0 -80 -126 0 0 -81 -119 -1 0.11 758 0 -77 -126 12.25 60.00 3.75 0;0;2886;2886;0;0 0 0 -1 0 0

PLAYER_UPDATE with heldOrVal=0, heldOrx=-81, heldOry=-119, pX=-77, pY=-126, heldTransSrcID=-1, holdingString=0
Holding PU message for 8893383 until later, 0 other messages pending for them
Got length 16 message
PE
8893373 19 5

clickDestX,Y = -69, -118,  mapX,Y = 26, 35, curX,Y = -54, -121
DestID = 0
Path not found in 0.999928 ms
Path found in 0.000000 ms
Sending message to server: MOVE -40 -121 @284 -1 1 -2 2 -3 3 -4 3 -5 3 -6 3 -7 3 -8 3 -9 3 -10 3 -11 3 -12 3 -13 3 -14 4 -15 3 -16 3#
fixed speed = 0.058608
Got length 24 message
MC
32 1 -57 -106
193 50

Got map chunk with bin size 193, compressed size 50
Got length 27 message
MC
13 29 -38 -135
2362 249

Got map chunk with bin size 2362, compressed size 249
Got length 95 message
PU
8893404 353 0 0 8 -112 0 0 0 0 -1 0.07 0 0 -40 -121 15.59 60.00 3.75 0;0;0;0;0;0 0 0 -1 0 0

PLAYER_UPDATE with heldOrVal=0, heldOrx=0, heldOry=0, pX=-40, pY=-121, heldTransSrcID=-1, holdingString=0
Got length 121 message
PM
8893404 -40 -121 4.918 4.918 0 -1 1 -2 2 -3 3 -4 3 -5 3 -6 3 -7 3 -8 3 -9 3 -10 3 -11 3 -12 3 -13 3 -14 4 -15 3 -16 3

Got length 24 message
MC
32 2 -72 -105
403 87

Got map chunk with bin size 403, compressed size 87
Got length 27 message
MC
15 28 -72 -133
2612 265

Got map chunk with bin size 2612, compressed size 265
Got length 125 message
MX
-26 -121 0 2174 -1 -32 -121 4.000000
-32 -121 0 0 -1
-26 -127 0 0 -1
-27 -115 0 5863 -1 -30 -112 4.000000
-30 -112 0 0 -1

Playing 1 pending received messages for 8893383
Reached dest (-77,-126) -0.353000 seconds early
Playing a held pending message
Got length 112 message
PU
8893383 2404 0 0 -80 -126 0 0 -81 -119 -1 0.11 758 0 -77 -126 12.25 60.00 3.75 0;0;2886;2886;0;0 0 0 -1 0 0
#
PLAYER_UPDATE with heldOrVal=0, heldOrx=-81, heldOry=-119, pX=-77, pY=-126, heldTransSrcID=-1, holdingString=0
Got length 14 message
PE
8893388 13

Got length 17 message
PE
8893396 29 10

clickDestX,Y = -70, -118,  mapX,Y = 27, 33, curX,Y = -56, -118
DestID = 0
Path not found in 0.000000 ms
Path found in 0.000000 ms
Sending message to server: MOVE -41 -120 @285 -1 1 -2 2 -3 2 -4 2 -5 2 -6 2 -7 2 -8 2 -9 2 -10 2 -11 2 -12 2 -13 3 -14 2 -15 2 -16 2#
fixed speed = 0.058523
Got length 24 message
MC
32 1 -58 -134
198 51

Got map chunk with bin size 198, compressed size 51
Got length 27 message
MC
14 29 -40 -133
2535 273

Got map chunk with bin size 2535, compressed size 273
Got length 95 message
PU
8893404 353 0 0 8 -112 0 0 0 0 -1 0.07 0 0 -41 -120 15.60 60.00 3.75 0;0;0;0;0;0 0 0 -1 0 0

PLAYER_UPDATE with heldOrVal=0, heldOrx=0, heldOry=0, pX=-41, pY=-120, heldTransSrcID=-1, holdingString=0
Got length 121 message
PM
8893404 -41 -120 4.770 4.770 0 -1 1 -2 2 -3 2 -4 2 -5 2 -6 2 -7 2 -8 2 -9 2 -10 2 -11 2 -12 2 -13 3 -14 2 -15 2 -16 2

Got length 24 message
MC
32 1 -73 -104
199 54

Got map chunk with bin size 199, compressed size 54
Got length 27 message
MC
15 29 -73 -133
2725 304

Got map chunk with bin size 2725, compressed size 304
Frame rate = 49.115913 frames/second
Got length 13 message
FL
8893383 1

clickDestX,Y = -70, -121,  mapX,Y = 28, 30, curX,Y = -57, -118
DestID = 0
Path not found in 0.999928 ms
Path found in 0.000000 ms
Sending message to server: MOVE -41 -120 @286 -1 0 -2 -1 -3 -1 -4 -1 -5 -1 -6 -1 -7 -1 -8 -1 -9 -1 -10 -1 -11 -1 -12 -1 -13 -1 -14 -2 -15 -1 -16 -1#
fixed speed = 0.057498
Got length 24 message
MC
32 2 -58 -135
399 79

Got map chunk with bin size 399, compressed size 79
Got length 27 message
MC
15 28 -41 -133
2628 293

Got map chunk with bin size 2628, compressed size 293
Got length 95 message
PU
8893404 353 0 0 8 -112 0 0 0 0 -1 0.07 0 0 -41 -120 15.60 60.00 3.75 0;0;0;0;0;0 0 0 -1 0 0

PLAYER_UPDATE with heldOrVal=0, heldOrx=0, heldOry=0, pX=-41, pY=-120, heldTransSrcID=-1, holdingString=0
Got length 136 message
PM
8893404 -41 -120 4.523 4.523 0 -1 0 -2 -1 -3 -1 -4 -1 -5 -1 -6 -1 -7 -1 -8 -1 -9 -1 -10 -1 -11 -1 -12 -1 -13 -1 -14 -2 -15 -1 -16 -1

Got length 24 message
MC
32 1 -73 -136
210 64

Got map chunk with bin size 210, compressed size 64
Got length 27 message
MC
15 29 -73 -135
2720 302

Got map chunk with bin size 2720, compressed size 302
Got length 17 message
HX
0.07 6.89 0.00
Got length 49 message
PM
8893383 -77 -126 1.131 1.131 0 -1 1 -2 0 -3 1

Manually forced
fixed speed = 0.054772
clickDestX,Y = -73, -122,  mapX,Y = 25, 31, curX,Y = -57, -121
DestID = 0
Path not found in 1.000166 ms
Path found in 0.000000 ms
Sending message to server: MOVE -42 -120 @287 -1 -1 -2 -2 -3 -2 -4 -2 -5 -2 -6 -2 -7 -2 -8 -2 -9 -2 -10 -2 -11 -3 -12 -2 -13 -2 -14 -2 -15 -2 -16 -2#
fixed speed = 0.058523
Got length 27 message
MC
14 30 -41 -136
2635 295

Got map chunk with bin size 2635, compressed size 295
Got length 95 message
PU
8893404 353 0 0 8 -112 0 0 0 0 -1 0.07 0 0 -42 -120 15.61 60.00 3.75 0;0;0;0;0;0 0 0 -1 0 0

PLAYER_UPDATE with heldOrVal=0, heldOrx=0, heldOry=0, pX=-42, pY=-120, heldTransSrcID=-1, holdingString=0
Got length 137 message
PM
8893404 -42 -120 4.604 4.604 0 -1 -1 -2 -2 -3 -2 -4 -2 -5 -2 -6 -2 -7 -2 -8 -2 -9 -2 -10 -2 -11 -3 -12 -2 -13 -2 -14 -2 -15 -2 -16 -2

Got length 24 message
MC
32 1 -74 -137
199 52

Got map chunk with bin size 199, compressed size 52
Got length 27 message
MC
15 29 -74 -136
2735 317

Got map chunk with bin size 2735, compressed size 317
Got length 56 message
MX
-32 -132 0 5862 -1 -36 -132 4.000000
-36 -132 0 0 -1

clickDestX,Y = -73, -122,  mapX,Y = 26, 32, curX,Y = -58, -122
DestID = 0
Path not found in 0.999928 ms
Path found in 0.000000 ms
Sending message to server: MOVE -43 -121 @288 -1 -1 -2 -1 -3 -1 -4 -1 -5 -1 -6 -1 -7 -1 -8 -1 -9 -1 -10 -2 -11 -1 -12 -1 -13 -1 -14 -1 -15 -1 -16 -1#
fixed speed = 0.058433
Got length 27 message
MC
14 30 -42 -137
2639 299

Got map chunk with bin size 2639, compressed size 299
Got length 95 message
PU
8893404 353 0 0 8 -112 0 0 0 0 -1 0.07 0 0 -43 -121 15.61 60.00 3.75 0;0;0;0;0;0 0 0 -1 0 0

PLAYER_UPDATE with heldOrVal=0, heldOrx=0, heldOry=0, pX=-43, pY=-121, heldTransSrcID=-1, holdingString=0
Got length 137 message
PM
8893404 -43 -121 4.597 4.597 0 -1 -1 -2 -1 -3 -1 -4 -1 -5 -1 -6 -1 -7 -1 -8 -1 -9 -1 -10 -2 -11 -1 -12 -1 -13 -1 -14 -1 -15 -1 -16 -1

Got length 27 message
MC
15 30 -75 -137
2852 340

Got map chunk with bin size 2852, compressed size 340
clickDestX,Y = -73, -119,  mapX,Y = 27, 35, curX,Y = -59, -122
DestID = 0
Path not found in 0.000000 ms
Path found in 0.000000 ms
Sending message to server: MOVE -43 -121 @289 -1 1 -2 2 -3 2 -4 2 -5 2 -6 2 -7 2 -8 2 -9 2 -10 1 -11 1 -12 2 -13 2 -14 2 -15 2 -16 2#
fixed speed = 0.057606
Got length 24 message
MC
32 2 -60 -107
387 57

Got map chunk with bin size 387, compressed size 57
Got length 27 message
MC
15 28 -43 -135
2633 292

Got map chunk with bin size 2633, compressed size 292
Got length 95 message
PU
8893404 353 0 0 8 -112 0 0 0 0 -1 0.07 0 0 -43 -121 15.62 60.00 3.75 0;0;0;0;0;0 0 0 -1 0 0

PLAYER_UPDATE with heldOrVal=0, heldOrx=0, heldOry=0, pX=-43, pY=-121, heldTransSrcID=-1, holdingString=0
Got length 172 message
PM
8893383 -79 -126 1.158 1.153 0 -1 1 -2 1 -3 1 -4 1
8893404 -43 -121 4.831 4.828 0 -1 1 -2 2 -3 2 -4 2 -5 2 -6 2 -7 2 -8 2 -9 2 -10 1 -11 1 -12 2 -13 2 -14 2 -15 2 -16 2

    CUR PATH:  (-77,-126) (-78,-125) (-79,-126) (-80,-125) 
    WE AT:  1 (-78,-125)  
    OLD PATH:  (-79,-126) (-80,-125) (-81,-125) (-82,-125) (-83,-125) 
    NEW PATH:  (-78,-125) (-79,-126) (-80,-125) (-81,-125) (-82,-125) (-83,-125) 
    NEW PATH (DB free):  (-78,-125) (-79,-126) (-80,-125) (-81,-125) (-82,-125) (-83,-125) 
fixed speed = 0.073984
Got length 24 message
MC
32 1 -75 -105
203 64

Got map chunk with bin size 203, compressed size 64
Got length 27 message
MC
15 29 -75 -134
2756 328

Got map chunk with bin size 2756, compressed size 328
Got length 111 message
PU
8893383 2404 0 0 -80 -126 0 0 -81 -119 -1 0.11 761 0 -81 -125 12.29 60.00 3.75 0;0;2886;2886;0;0 0 0 -1 0 0

PLAYER_UPDATE with heldOrVal=0, heldOrx=-81, heldOry=-119, pX=-81, pY=-125, heldTransSrcID=-1, holdingString=0
Holding PU message for 8893383 until later, 0 other messages pending for them
Got length 14 message
PE
8893309 13

Playing 1 pending received messages for 8893383
Reached dest (-81,-125) 0.291000 seconds early
Playing a held pending message
Got length 112 message
PU
8893383 2404 0 0 -80 -126 0 0 -81 -119 -1 0.11 761 0 -81 -125 12.29 60.00 3.75 0;0;2886;2886;0;0 0 0 -1 0 0
#
PLAYER_UPDATE with heldOrVal=0, heldOrx=-81, heldOry=-119, pX=-81, pY=-125, heldTransSrcID=-1, holdingString=0
Frame rate = 45.955880 frames/second
Got length 16 message
PE
8893371 32 1

Got length 17 message
HX
0.07 6.89 0.00
Got length 40 message
MX
-31 -115 0 5863 -1 -27 -115 4.000000

Got length 13 message
PE
8893371 1

Got length 13 message
FL
8893383 0

Got length 49 message
PM
8893383 -81 -125 1.377 1.377 0 1 -1 1 -2 1 -3

Manually forced
fixed speed = 0.039055
Got length 19 message
MX
-32 -132 0 0 -1

Got length 14 message
PE
8893377 37

Got length 14 message
PE
8839322 13

Got length 25 message
FX
13 20 0 0 3.75 -1 0 0

Our food = 13/20
Got length 17 message
HX
0.07 6.89 0.00
Frame rate = 43.687199 frames/second
Got length 111 message
PU
8893383 2404 0 0 -80 -126 0 0 -81 -119 -1 0.11 762 0 -80 -128 12.33 60.00 3.75 0;0;2886;2886;0;0 0 0 -1 0 0

PLAYER_UPDATE with heldOrVal=0, heldOrx=-81, heldOry=-119, pX=-80, pY=-128, heldTransSrcID=-1, holdingString=0
Holding PU message for 8893383 until later, 0 other messages pending for them
Got length 105 message
PU
8893405 1629 0 0 1977 1977 0 0 1977 1977 -1 0.50 1 0 1977 1977 0.00 60.00 2.81 0;0;0;0;0;0 0 0 -1 0 0

PLAYER_UPDATE with heldOrVal=0, heldOrx=1977, heldOry=1977, pX=1977, pY=1977, heldTransSrcID=-1, holdingString=0
Got length 11 message
PO
8893405

Got length 39 message
LN
8893405 8893368 8893361 eve=8893361

Got length 22 message
FW
8893405 8893361 11

Got length 13 message
FL
8893383 1

Playing 1 pending received messages for 8893383
Reached dest (-80,-128) -0.684000 seconds early
Playing a held pending message
Got length 112 message
PU
8893383 2404 0 0 -80 -126 0 0 -81 -119 -1 0.11 762 0 -80 -128 12.33 60.00 3.75 0;0;2886;2886;0;0 0 0 -1 0 0
#
PLAYER_UPDATE with heldOrVal=0, heldOrx=-81, heldOry=-119, pX=-80, pY=-128, heldTransSrcID=-1, holdingString=0
Got length 14 message
PE
8893341 13

Got length 19 message
MX
-31 -115 0 0 -1

Got length 97 message
PU
8893404 353 0 0 8 -112 0 0 0 0 -1 0.07 289 0 -59 -119 15.70 60.00 3.75 0;0;0;0;0;0 0 0 -1 0 0

PLAYER_UPDATE with heldOrVal=0, heldOrx=0, heldOry=0, pX=-59, pY=-119, heldTransSrcID=-1, holdingString=0
Got length 17 message
HX
0.07 6.89 0.00
Frame rate = 45.004503 frames/second
Got length 13 message
PE
8893402 6

Playing 0 pending received messages for 8893404
Reached dest (-59,-119) -2.221506 seconds early
Got length 17 message
HX
0.07 6.89 0.00
Got length 40 message
MX
-31 -115 0 5863 -1 -27 -115 4.000000

Got length 14 message
PE
8893388 13

Frame rate = 40.716611 frames/second
Got length 17 message
HX
0.07 6.89 0.00
Got length 22 message
MX
-78 -128 0 1111 -1

New placement, responsible=-1
Got length 25 message
FX
12 20 0 0 3.75 -1 0 0

Our food = 12/20
Got length 14 message
PE
8893309 13

Frame rate = 45.126357 frames/second
Got length 56 message
MX
-34 -115 0 5862 -1 -31 -115 4.000000
-31 -115 0 0 -1

Got length 13 message
PE
8893371 1

Got length 17 message
HX
0.07 6.89 0.00
Got length 14 message
PE
8839322 13

Got length 52 message
PM
8893383 -80 -128 0.910 0.907 0 -1 -1 -2 -1 -3 -1

Manually forced
fixed speed = 0.057653
Got length 14 message
PE
8893377 37

Sending message to server: FLIP -58 -119#
Got length 13 message
FL
8893404 0

clickDestX,Y = -60, -119,  mapX,Y = 40, 33, curX,Y = -59, -119
DestID = 0
Path found in 0.000000 ms
Sending message to server: MOVE -59 -119 @290 -1 0#
fixed speed = 0.062500
Got length 39 message
PM
8893404 -59 -119 0.267 0.267 0 -1 0

clickDestX,Y = -61, -119,  mapX,Y = 39, 33, curX,Y = -60, -119
DestID = 0
Path found in 0.000000 ms
Sending message to server: MOVE -60 -119 @291 -1 0#
fixed speed = 0.062500
Got length 39 message
PM
8893404 -60 -119 0.367 0.367 0 -1 0

Frame rate = 43.802015 frames/second
clickDestX,Y = -62, -119,  mapX,Y = 38, 33, curX,Y = -61, -119
DestID = 0
Path found in 0.000000 ms
Sending message to server: MOVE -61 -119 @292 -1 0#
fixed speed = 0.062500
Got length 39 message
PM
8893404 -61 -119 0.267 0.263 0 -1 0

Got length 111 message
PU
8893383 2404 0 0 -80 -126 0 0 -81 -119 -1 0.11 763 0 -83 -129 12.49 60.00 3.75 0;0;2886;2886;0;0 0 0 -1 0 0

PLAYER_UPDATE with heldOrVal=0, heldOrx=-81, heldOry=-119, pX=-83, pY=-129, heldTransSrcID=-1, holdingString=0
Holding PU message for 8893383 until later, 0 other messages pending for them
Got length 116 message
PU
8893383 2404 0 1 -83 -129 2844 0 -81 -119 7127 0.11 763 0 -83 -129 12.49 60.00 3.75 0;0;2886;2886;0;0 0 0 -1 1 1

PLAYER_UPDATE with heldOrVal=0, heldOrx=-81, heldOry=-119, pX=-83, pY=-129, heldTransSrcID=7127, holdingString=2844
Holding PU message for 8893383 until later, 1 other messages pending for them
Got length 28 message
MX
-83 -129 0 7126 -8893383

Holding MX message caused by 8893383 until later, 2 other messages pending for them
clickDestX,Y = -63, -119,  mapX,Y = 37, 33, curX,Y = -62, -119
DestID = 0
Path found in 0.000000 ms
Sending message to server: MOVE -62 -119 @293 -1 0#
fixed speed = 0.062500
Got length 97 message
PU
8893404 353 0 0 8 -112 0 0 0 0 -1 0.07 292 0 -62 -119 15.83 60.00 3.75 0;0;0;0;0;0 0 0 -1 0 0

PLAYER_UPDATE with heldOrVal=0, heldOrx=0, heldOry=0, pX=-62, pY=-119, heldTransSrcID=-1, holdingString=0
Got length 39 message
PM
8893404 -62 -119 0.267 0.267 0 -1 0

Playing 3 pending received messages for 8893383
Reached dest (-83,-129) -0.354000 seconds early
Playing a held pending message
Got length 112 message
PU
8893383 2404 0 0 -80 -126 0 0 -81 -119 -1 0.11 763 0 -83 -129 12.49 60.00 3.75 0;0;2886;2886;0;0 0 0 -1 0 0
#
PLAYER_UPDATE with heldOrVal=0, heldOrx=-81, heldOry=-119, pX=-83, pY=-129, heldTransSrcID=-1, holdingString=0
Playing a held pending message
Got length 117 message
PU
8893383 2404 0 1 -83 -129 2844 0 -81 -119 7127 0.11 763 0 -83 -129 12.49 60.00 3.75 0;0;2886;2886;0;0 0 0 -1 1 1
#
PLAYER_UPDATE with heldOrVal=0, heldOrx=-81, heldOry=-119, pX=-83, pY=-129, heldTransSrcID=7127, holdingString=2844
Playing a held pending message
Got length 29 message
MX
-83 -129 0 7126 -8893383
#
New placement, responsible=-8893383
clickDestX,Y = -72, -120,  mapX,Y = 28, 32, curX,Y = -63, -119
DestID = 0
Path found in 0.000000 ms
Sending message to server: MOVE -62 -119 @294 -1 -1 -2 -1 -3 -1 -4 -1 -5 -1 -6 -1 -7 -1 -8 -1 -9 -1 -10 -1#
fixed speed = 0.060750
Got length 24 message
MC
32 1 -88 -135
199 53

Got map chunk with bin size 199, compressed size 53
Got length 27 message
MC
13 29 -88 -134
2639 543

Got map chunk with bin size 2639, compressed size 543
Got length 116 message
PU
8893383 2404 0 0 -83 -129 2844 0 -81 -119 7127 0.11 763 0 -83 -129 12.50 60.00 3.75 0;0;2886;2886;0;0 0 0 -1 1 1

PLAYER_UPDATE with heldOrVal=0, heldOrx=-81, heldOry=-119, pX=-83, pY=-129, heldTransSrcID=7127, holdingString=2844
Got length 95 message
PM
8893404 -62 -119 2.667 2.667 0 -1 -1 -2 -1 -3 -1 -4 -1 -5 -1 -6 -1 -7 -1 -8 -1 -9 -1 -10 -1

Got length 26 message
MC
9 30 -56 -135
1675 152

Got map chunk with bin size 1675, compressed size 152
Got length 37 message
MX
-88 -115 0 51 -1
-84 -114 0 50 -1

Got length 26 message
MC
9 30 -88 -135
1891 405

Got map chunk with bin size 1891, compressed size 405
Got length 116 message
PU
8893383 2404 0 0 -83 -129 2844 0 -81 -119 7127 0.11 763 0 -83 -129 12.50 60.00 3.75 0;0;2886;2886;0;0 0 0 -1 1 1

PLAYER_UPDATE with heldOrVal=0, heldOrx=-81, heldOry=-119, pX=-83, pY=-129, heldTransSrcID=7127, holdingString=2844
Got length 17 message
HX
0.07 6.89 0.00
clickDestX,Y = -73, -121,  mapX,Y = 43, 31, curX,Y = -72, -120
DestID = 0
Path found in 0.000000 ms
Sending message to server: MOVE -62 -119 @295 -1 -1 -2 -2 -3 -2 -4 -2 -5 -2 -6 -2 -7 -2 -8 -2 -9 -2 -10 -2 -11 -2#
fixed speed = 0.060954
Got length 26 message
MC
9 30 -56 -135
1675 152

Got map chunk with bin size 1675, compressed size 152
Got length 102 message
PM
8893404 -62 -119 2.899 2.899 0 -1 -1 -2 -2 -3 -2 -4 -2 -5 -2 -6 -2 -7 -2 -8 -2 -9 -2 -10 -2 -11 -2

Got length 24 message
MC
32 1 -89 -136
209 65

Got map chunk with bin size 209, compressed size 65
Got length 27 message
MC
10 29 -89 -135
2021 423

Got map chunk with bin size 2021, compressed size 423
Got length 116 message
PU
8893383 2404 0 0 -83 -129 2844 0 -81 -119 7127 0.11 763 0 -83 -129 12.50 60.00 3.75 0;0;2886;2886;0;0 0 0 -1 1 1

PLAYER_UPDATE with heldOrVal=0, heldOrx=-81, heldOry=-119, pX=-83, pY=-129, heldTransSrcID=7127, holdingString=2844
Got length 14 message
PE
8893341 13

Got length 22 message
MX
-79 -129 0 1111 -1

New placement, responsible=-1
Sending message to server: FLIP -74 -121#
Got length 13 message
FL
8893404 1

clickDestX,Y = -65, -121,  mapX,Y = 51, 32, curX,Y = -73, -121
DestID = 0
Path found in 0.000000 ms
Sending message to server: MOVE -64 -121 @296 -1 0#
fixed speed = 0.062500
Got length 26 message
MC
8 30 -57 -136
1496 151

Got map chunk with bin size 1496, compressed size 151
Got length 39 message
PM
8893404 -64 -121 0.292 0.291 0 -1 0

clickDestX,Y = -66, -121,  mapX,Y = 19, 32, curX,Y = -65, -121
DestID = 0
Path found in 0.000000 ms
Sending message to server: MOVE -65 -121 @297 -1 0#
fixed speed = 0.062500
Got length 24 message
NM
8893405 THEO UNNASCH

Got length 39 message
PM
8893404 -65 -121 0.399 0.398 0 -1 0

Sending message to server: GRAVE -69 -120#
Got length 50 message
GO
-69 -120 8892506 2464 991.035433 ~ eve=8892506

clickDestX,Y = -67, -121,  mapX,Y = 18, 32, curX,Y = -66, -121
DestID = 0
Path found in 0.000000 ms
Sending message to server: MOVE -66 -121 @298 -1 0#
fixed speed = 0.062500
Frame rate = 49.504951 frames/second
Got length 39 message
PM
8893404 -66 -121 0.355 0.355 0 -1 0

Got length 54 message
MX
-51 -121 0 51 -1
-64 -113 0 50 -1
-57 -116 0 51 -1

New placement, responsible=-1
New placement, responsible=-1
New placement, responsible=-1
Got length 40 message
PM
8893383 -83 -129 0.377 0.351 0 -1 -1

Manually forced
fixed speed = 0.067152
clickDestX,Y = -68, -121,  mapX,Y = 17, 32, curX,Y = -67, -121
DestID = 0
Path found in 0.000000 ms
Sending message to server: MOVE -67 -121 @299 -1 0#
fixed speed = 0.062500
Got length 39 message
PM
8893404 -67 -121 0.333 0.333 0 -1 0

Got length 116 message
PU
8893383 2404 0 0 -83 -129 2844 0 -81 -119 7127 0.11 764 0 -84 -130 12.52 60.00 3.75 0;0;2886;2886;0;0 0 0 -1 1 1

PLAYER_UPDATE with heldOrVal=0, heldOrx=-81, heldOry=-119, pX=-84, pY=-130, heldTransSrcID=7127, holdingString=2844
Holding PU message for 8893383 until later, 0 other messages pending for them
Playing 1 pending received messages for 8893383
Reached dest (-84,-130) 0.002000 seconds early
Playing a held pending message
Got length 117 message
PU
8893383 2404 0 0 -83 -129 2844 0 -81 -119 7127 0.11 764 0 -84 -130 12.52 60.00 3.75 0;0;2886;2886;0;0 0 0 -1 1 1
#
PLAYER_UPDATE with heldOrVal=0, heldOrx=-81, heldOry=-119, pX=-84, pY=-130, heldTransSrcID=7127, holdingString=2844
Got length 13 message
PE
8893402 6

clickDestX,Y = -69, -121,  mapX,Y = 16, 32, curX,Y = -68, -121
DestID = 0
Path found in 0.000000 ms
Sending message to server: MOVE -68 -121 @300 -1 0#
fixed speed = 0.062500
Got length 114 message
PU
8893383 2404 -1 1 -85 -130 135 1 -85 -130 -1 0.11 764 0 -84 -130 12.53 60.00 3.75 0;0;2886;2886;0;0 0 0 -1 0 1

PLAYER_UPDATE with heldOrVal=1, heldOrx=-85, heldOry=-130, pX=-84, pY=-130, heldTransSrcID=-1, holdingString=135
Got length 27 message
MX
-85 -130 0 2844 8893383

New placement, responsible=8893383
Got length 39 message
PM
8893404 -68 -121 0.320 0.319 0 -1 0

Got length 17 message
HX
0.07 6.89 0.00
clickDestX,Y = -70, -121,  mapX,Y = 15, 32, curX,Y = -69, -121
DestID = 0
Path found in 0.000000 ms
Sending message to server: MOVE -69 -121 @301 -1 0#
fixed speed = 0.062500
Got length 39 message
PM
8893404 -69 -121 0.298 0.298 0 -1 0

Got length 20 message
MX
-58 -118 0 50 -1

New placement, responsible=-1
clickDestX,Y = -71, -121,  mapX,Y = 14, 32, curX,Y = -70, -121
DestID = 0
Path found in 0.000000 ms
Sending message to server: MOVE -70 -121 @302 -1 0#
fixed speed = 0.062500
Got length 39 message
PM
8893404 -70 -121 0.294 0.294 0 -1 0

clickDestX,Y = -77, -118,  mapX,Y = 8, 35, curX,Y = -71, -121
DestID = 0
Path found in 0.000000 ms
Sending message to server: MOVE -70 -121 @303 -1 1 -2 2 -3 3 -4 3 -5 3 -6 3 -7 3#
fixed speed = 0.060305
Got length 24 message
MC
32 3 -93 -106
612 89

Got map chunk with bin size 612, compressed size 89
Got length 27 message
MC
12 27 -93 -133
2218 429

Got map chunk with bin size 2218, compressed size 429
Got length 113 message
PU
8893383 2404 0 0 -85 -130 135 0 -81 -119 -1 0.11 764 0 -84 -130 12.54 60.00 3.75 0;0;2886;2886;0;0 0 0 -1 0 1

PLAYER_UPDATE with heldOrVal=0, heldOrx=-81, heldOry=-119, pX=-84, pY=-130, heldTransSrcID=-1, holdingString=135
Got length 69 message
PM
8893404 -70 -121 2.139 2.139 0 -1 1 -2 2 -3 3 -4 3 -5 3 -6 3 -7 3

Got length 116 message
PU
8893383 2404 -1 1 -85 -130 135 0 -81 -119 2844 0.11 764 0 -84 -130 12.54 60.00 3.75 0;0;2886;2886;0;0 0 0 -1 0 1

PLAYER_UPDATE with heldOrVal=0, heldOrx=-81, heldOry=-119, pX=-84, pY=-130, heldTransSrcID=2844, holdingString=135
Got length 28 message
MX
-85 -130 0 2808 -8893383

New placement, responsible=-8893383
clickDestX,Y = -71, -120,  mapX,Y = 48, 32, curX,Y = -77, -118
DestID = 0
Path found in 1.000166 ms
Sending message to server: MOVE -70 -121 @304 -1 1#
fixed speed = 0.062500
clickDestX,Y = -72, -120,  mapX,Y = 47, 32, curX,Y = -71, -120
DestID = 0
Path found in 0.000000 ms
Sending message to server: MOVE -71 -120 @305 -1 0#
fixed speed = 0.062500
Got length 39 message
PM
8893404 -70 -121 0.125 0.125 0 -1 1

Got length 44 message
PM
8893404 -70 -121 0.590 0.590 0 -1 1 -2 1

clickDestX,Y = -83, -116,  mapX,Y = 36, 36, curX,Y = -72, -120
DestID = 291
Path found in 0.000000 ms
Path found in 0.000000 ms
Path found in 0.000000 ms
Path found in 0.000000 ms
Path found in 0.000000 ms
Sending message to server: MOVE -72 -120 @306 -1 1 -2 2 -3 3 -4 4 -5 3 -6 4 -7 4 -8 4 -9 4 -10 4#
fixed speed = 0.058298
Frame rate = 57.703403 frames/second
Got length 95 message
PU
8893404 353 0 0 8 -112 0 0 0 0 -1 0.07 0 0 -71 -120 15.89 60.00 3.75 0;0;0;0;0;0 0 0 -1 0 0

PLAYER_UPDATE with heldOrVal=0, heldOrx=0, heldOry=0, pX=-71, pY=-120, heldTransSrcID=-1, holdingString=0
Got length 91 message
PM
8893404 -71 -120 3.632 3.632 0 -1 0 -2 1 -3 2 -4 3 -5 4 -6 3 -7 4 -8 4 -9 4 -10 4 -11 4

Got length 115 message
PU
8893383 2404 -1 1 -85 -130 2808 1 -85 -130 -1 0.11 764 0 -84 -130 12.55 60.00 3.75 0;0;2886;2886;0;0 0 0 -1 0 1

PLAYER_UPDATE with heldOrVal=1, heldOrx=-85, heldOry=-130, pX=-84, pY=-130, heldTransSrcID=-1, holdingString=2808
Got length 26 message
MX
-85 -130 0 135 8893383

New placement, responsible=8893383
Got length 13 message
FL
8893383 0

Got length 37 message
MX
-60 -112 0 50 -1
-57 -113 0 50 -1

New placement, responsible=-1
New placement, responsible=-1
Got length 25 message
FX
11 20 0 0 3.75 -1 0 0

Our food = 11/20
Got length 14 message
PE
8893388 13

Got length 63 message
PE
8893371 16 120
8893358 27 120
8893371 16 120
8893358 15 120

Got length 46 message
PM
8893383 -84 -130 1.021 1.021 0 1 1 2 2 3 2

Manually forced
fixed speed = 0.057954
Got length 17 message
HX
0.07 6.89 0.00
Got length 114 message
PU
8893383 2404 0 0 -85 -130 2808 0 -81 -119 -1 0.11 765 0 -81 -128 12.58 60.00 3.75 0;0;2886;2886;0;0 0 0 -1 0 1

PLAYER_UPDATE with heldOrVal=0, heldOrx=-81, heldOry=-119, pX=-81, pY=-128, heldTransSrcID=-1, holdingString=2808
Holding PU message for 8893383 until later, 0 other messages pending for them
Frame rate = 51.706308 frames/second
Got length 112 message
PU
8893383 2404 1 1 -80 -128 0 0 -81 -119 213 0.11 765 0 -81 -128 12.58 60.00 3.75 0;0;2886;2886;0;0 0 0 -1 0 0

PLAYER_UPDATE with heldOrVal=0, heldOrx=-81, heldOry=-119, pX=-81, pY=-128, heldTransSrcID=213, holdingString=0
Holding PU message for 8893383 until later, 1 other messages pending for them
Got length 28 message
MX
-80 -128 0 2839 -8893383

Holding MX message caused by 8893383 until later, 2 other messages pending for them
Playing 3 pending received messages for 8893383
Reached dest (-81,-128) -0.230000 seconds early
Playing a held pending message
Got length 115 message
PU
8893383 2404 0 0 -85 -130 2808 0 -81 -119 -1 0.11 765 0 -81 -128 12.58 60.00 3.75 0;0;2886;2886;0;0 0 0 -1 0 1
#
PLAYER_UPDATE with heldOrVal=0, heldOrx=-81, heldOry=-119, pX=-81, pY=-128, heldTransSrcID=-1, holdingString=2808
Playing a held pending message
Got length 113 message
PU
8893383 2404 1 1 -80 -128 0 0 -81 -119 213 0.11 765 0 -81 -128 12.58 60.00 3.75 0;0;2886;2886;0;0 0 0 -1 0 0
#
PLAYER_UPDATE with heldOrVal=0, heldOrx=-81, heldOry=-119, pX=-81, pY=-128, heldTransSrcID=213, holdingString=0
Playing a held pending message
Got length 29 message
MX
-80 -128 0 2839 -8893383
#
New placement, responsible=-8893383
Got length 14 message
PE
8893309 13

Got length 17 message
HX
0.07 6.89 0.00
Got length 38 message
PM
8893383 -81 -128 0.267 0.267 0 0 1

Manually forced
fixed speed = 0.062422
Got length 112 message
PU
8893383 2404 0 0 -80 -128 0 0 -81 -119 213 0.11 766 0 -81 -127 12.60 60.00 3.75 0;0;2886;2886;0;0 0 0 -1 0 0

PLAYER_UPDATE with heldOrVal=0, heldOrx=-81, heldOry=-119, pX=-81, pY=-127, heldTransSrcID=213, holdingString=0
Holding PU message for 8893383 until later, 0 other messages pending for them
Playing 1 pending received messages for 8893383
Reached dest (-81,-127) -0.041000 seconds early
Playing a held pending message
Got length 113 message
PU
8893383 2404 0 0 -80 -128 0 0 -81 -119 213 0.11 766 0 -81 -127 12.60 60.00 3.75 0;0;2886;2886;0;0 0 0 -1 0 0
#
PLAYER_UPDATE with heldOrVal=0, heldOrx=-81, heldOry=-119, pX=-81, pY=-127, heldTransSrcID=213, holdingString=0
Got length 13 message
FL
8893383 1

Got length 113 message
PU
8893383 2404 1 1 -80 -127 235 1 -80 -127 -1 0.11 766 0 -81 -127 12.60 60.00 3.75 0;0;2886;2886;0;0 0 0 -1 0 1

PLAYER_UPDATE with heldOrVal=1, heldOrx=-80, heldOry=-127, pX=-81, pY=-127, heldTransSrcID=-1, holdingString=235
Got length 25 message
MX
-80 -127 0 0 -8893383

Got length 97 message
PU
8893404 353 0 0 8 -112 0 0 0 0 -1 0.07 306 0 -82 -116 15.95 60.00 3.75 0;0;0;0;0;0 0 0 -1 0 0

PLAYER_UPDATE with heldOrVal=0, heldOrx=0, heldOry=0, pX=-82, pY=-116, heldTransSrcID=-1, holdingString=0
Got length 39 message
PM
8893383 -81 -127 0.267 0.267 0 -1 0

Manually forced
fixed speed = 0.062422
Frame rate = 47.036690 frames/second
Got length 113 message
PU
8893383 2404 0 0 -80 -127 235 0 -81 -119 -1 0.11 767 0 -82 -127 12.62 60.00 3.75 0;0;2886;2886;0;0 0 0 -1 0 1

PLAYER_UPDATE with heldOrVal=0, heldOrx=-81, heldOry=-119, pX=-82, pY=-127, heldTransSrcID=-1, holdingString=235
Holding PU message for 8893383 until later, 0 other messages pending for them
Playing 1 pending received messages for 8893383
Reached dest (-82,-127) -0.032000 seconds early
Playing a held pending message
Got length 114 message
PU
8893383 2404 0 0 -80 -127 235 0 -81 -119 -1 0.11 767 0 -82 -127 12.62 60.00 3.75 0;0;2886;2886;0;0 0 0 -1 0 1
#
PLAYER_UPDATE with heldOrVal=0, heldOrx=-81, heldOry=-119, pX=-82, pY=-127, heldTransSrcID=-1, holdingString=235
Got length 14 message
PE
8893377 37

Playing 0 pending received messages for 8893404
Reached dest (-82,-116) -1.039592 seconds early
Sending message to server: USE -83 -116 291#
Got length 116 message
PU
8893383 2404 -1 1 -83 -127 382 0 -81 -119 5578 0.11 767 0 -82 -127 12.62 60.00 3.75 0;0;2886;2886;0;0 0 0 -1 0 1

PLAYER_UPDATE with heldOrVal=0, heldOrx=-81, heldOry=-119, pX=-82, pY=-127, heldTransSrcID=5578, holdingString=382
Got length 28 message
MX
-83 -127 0 5577 -8893383

New placement, responsible=-8893383
Got length 107 message
PU
8893404 353 -1 1 -83 -116 291 1 -83 -116 -1 0.07 306 0 -82 -116 15.96 60.00 3.75 0;0;0;0;0;0 0 0 -1 0 1

PLAYER_UPDATE with heldOrVal=1, heldOrx=-83, heldOry=-116, pX=-82, pY=-116, heldTransSrcID=-1, holdingString=291
Got length 25 message
MX
-83 -116 0 0 -8893404

Got length 14 message
PE
8839322 13

Got length 17 message
HX
0.07 6.89 0.00
Got length 39 message
PM
8893383 -82 -127 0.377 0.377 0 1 -1

Manually forced
fixed speed = 0.062520
Got length 13 message
FL
8893383 0

Got length 16 message
PE
8893376 32 1

Got length 115 message
PU
8893383 2404 0 0 -83 -127 382 0 -81 -119 5578 0.11 768 0 -81 -128 12.64 60.00 3.75 0;0;2886;2886;0;0 0 0 -1 0 1

PLAYER_UPDATE with heldOrVal=0, heldOrx=-81, heldOry=-119, pX=-81, pY=-128, heldTransSrcID=5578, holdingString=382
Holding PU message for 8893383 until later, 0 other messages pending for them
Playing 1 pending received messages for 8893383
Reached dest (-81,-128) -0.019000 seconds early
Playing a held pending message
Got length 116 message
PU
8893383 2404 0 0 -83 -127 382 0 -81 -119 5578 0.11 768 0 -81 -128 12.64 60.00 3.75 0;0;2886;2886;0;0 0 0 -1 0 1
#
PLAYER_UPDATE with heldOrVal=0, heldOrx=-81, heldOry=-119, pX=-81, pY=-128, heldTransSrcID=5578, holdingString=382
Got length 115 message
PU
8893383 2404 1 1 -80 -128 235 0 -81 -119 2839 0.11 768 0 -81 -128 12.64 60.00 3.75 0;0;2886;2886;0;0 0 0 -1 0 1

PLAYER_UPDATE with heldOrVal=0, heldOrx=-81, heldOry=-119, pX=-81, pY=-128, heldTransSrcID=2839, holdingString=235
Got length 28 message
MX
-80 -128 0 2840 -8893383

New placement, responsible=-8893383
Frame rate = 53.879305 frames/second
Got length 38 message
PM
8893383 -81 -128 0.267 0.267 0 0 1

Manually forced
fixed speed = 0.062422
Got length 14 message
PE
8893341 13

Got length 19 message
MX
-81 -126 0 0 -1

Got length 115 message
PU
8893383 2404 0 0 -80 -128 235 0 -81 -119 2839 0.11 769 0 -81 -127 12.65 60.00 3.75 0;0;2886;2886;0;0 0 0 -1 0 1

PLAYER_UPDATE with heldOrVal=0, heldOrx=-81, heldOry=-119, pX=-81, pY=-127, heldTransSrcID=2839, holdingString=235
Holding PU message for 8893383 until later, 0 other messages pending for them
Playing 1 pending received messages for 8893383
Reached dest (-81,-127) -0.059000 seconds early
Playing a held pending message
Got length 116 message
PU
8893383 2404 0 0 -80 -128 235 0 -81 -119 2839 0.11 769 0 -81 -127 12.65 60.00 3.75 0;0;2886;2886;0;0 0 0 -1 0 1
#
PLAYER_UPDATE with heldOrVal=0, heldOrx=-81, heldOry=-119, pX=-81, pY=-127, heldTransSrcID=2839, holdingString=235
Got length 111 message
PU
8893383 2404 1 1 -80 -127 0 0 -81 -119 -1 0.11 769 0 -81 -127 12.65 60.00 3.75 0;0;2886;2886;0;0 0 0 -1 0 0

PLAYER_UPDATE with heldOrVal=0, heldOrx=-81, heldOry=-119, pX=-81, pY=-127, heldTransSrcID=-1, holdingString=0
Got length 26 message
MX
-80 -127 0 235 8893383

New placement, responsible=8893383
Got length 46 message
PM
8893383 -81 -127 0.754 0.754 0 -1 -1 -2 -2

Manually forced
fixed speed = 0.062520
Got length 17 message
HX
0.07 6.89 0.00
Got length 25 message
FX
10 20 0 0 3.75 -1 0 0

Our food = 10/20
Got length 13 message
FL
8893383 1

Got length 111 message
PU
8893383 2404 0 0 -80 -127 0 0 -81 -119 -1 0.11 770 0 -83 -129 12.67 60.00 3.75 0;0;2886;2886;0;0 0 0 -1 0 0

PLAYER_UPDATE with heldOrVal=0, heldOrx=-81, heldOry=-119, pX=-83, pY=-129, heldTransSrcID=-1, holdingString=0
Holding PU message for 8893383 until later, 0 other messages pending for them
Got length 13 message
PE
8893402 6

Got length 116 message
PU
8893383 2404 0 1 -83 -129 2844 0 -81 -119 7126 0.11 770 0 -83 -129 12.68 60.00 3.75 0;0;2886;2886;0;0 0 0 -1 1 1

PLAYER_UPDATE with heldOrVal=0, heldOrx=-81, heldOry=-119, pX=-83, pY=-129, heldTransSrcID=7126, holdingString=2844
Holding PU message for 8893383 until later, 1 other messages pending for them
Got length 27 message
MX
-83 -129 0 848 -8893383

Holding MX message caused by 8893383 until later, 2 other messages pending for them
Playing 3 pending received messages for 8893383
Reached dest (-83,-129) -0.180000 seconds early
Frame rate = 49.950048 frames/second
Playing a held pending message
Got length 112 message
PU
8893383 2404 0 0 -80 -127 0 0 -81 -119 -1 0.11 770 0 -83 -129 12.67 60.00 3.75 0;0;2886;2886;0;0 0 0 -1 0 0
#
PLAYER_UPDATE with heldOrVal=0, heldOrx=-81, heldOry=-119, pX=-83, pY=-129, heldTransSrcID=-1, holdingString=0
Playing a held pending message
Got length 117 message
PU
8893383 2404 0 1 -83 -129 2844 0 -81 -119 7126 0.11 770 0 -83 -129 12.68 60.00 3.75 0;0;2886;2886;0;0 0 0 -1 1 1
#
PLAYER_UPDATE with heldOrVal=0, heldOrx=-81, heldOry=-119, pX=-83, pY=-129, heldTransSrcID=7126, holdingString=2844
Playing a held pending message
Got length 28 message
MX
-83 -129 0 848 -8893383
#
New placement, responsible=-8893383
Got length 17 message
HX
0.07 6.89 0.00
Got length 14 message
PE
8893388 13

clickDestX,Y = -83, -116,  mapX,Y = 36, 36, curX,Y = -82, -116
DestID = 0
Path found in 0.000000 ms
Sending message to server: MOVE -82 -116 @307 -1 0#
fixed speed = 0.062500
Got length 39 message
PM
8893404 -82 -116 0.267 0.267 0 -1 0

clickDestX,Y = -84, -116,  mapX,Y = 35, 36, curX,Y = -83, -116
DestID = 0
Path found in 0.000000 ms
Sending message to server: MOVE -83 -116 @308 -1 0#
fixed speed = 0.062500
Got length 39 message
PM
8893404 -83 -116 0.371 0.371 0 -1 0

Got length 13 message
FL
8893383 0

Frame rate = 50.075113 frames/second
Got length 101 message
PU
8893404 353 0 0 -83 -116 291 0 0 0 -1 0.07 308 0 -84 -116 16.05 60.00 3.75 0;0;0;0;0;0 0 0 -1 0 1

PLAYER_UPDATE with heldOrVal=0, heldOrx=0, heldOry=0, pX=-84, pY=-116, heldTransSrcID=-1, holdingString=291
Playing 0 pending received messages for 8893404
Reached dest (-84,-116) -0.163333 seconds early
Sending message to server: FLIP -83 -116#
Got length 38 message
PM
8893383 -83 -129 0.267 0.267 0 1 0

Manually forced
fixed speed = 0.062422
Got length 13 message
FL
8893404 0

Got length 116 message
PU
8893383 2404 0 0 -83 -129 2844 0 -81 -119 7126 0.11 771 0 -82 -129 12.72 60.00 3.75 0;0;2886;2886;0;0 0 0 -1 1 1

PLAYER_UPDATE with heldOrVal=0, heldOrx=-81, heldOry=-119, pX=-82, pY=-129, heldTransSrcID=7126, holdingString=2844
Holding PU message for 8893383 until later, 0 other messages pending for them
Playing 1 pending received messages for 8893383
Reached dest (-82,-129) -0.018000 seconds early
Playing a held pending message
Got length 117 message
PU
8893383 2404 0 0 -83 -129 2844 0 -81 -119 7126 0.11 771 0 -82 -129 12.72 60.00 3.75 0;0;2886;2886;0;0 0 0 -1 1 1
#
PLAYER_UPDATE with heldOrVal=0, heldOrx=-81, heldOry=-119, pX=-82, pY=-129, heldTransSrcID=7126, holdingString=2844
Got length 111 message
PU
8893383 2404 1 1 -81 -129 0 0 -81 -119 -1 0.11 771 0 -82 -129 12.73 60.00 3.75 0;0;2886;2886;0;0 0 0 -1 0 0

PLAYER_UPDATE with heldOrVal=0, heldOrx=-81, heldOry=-119, pX=-82, pY=-129, heldTransSrcID=-1, holdingString=0
Got length 27 message
MX
-81 -129 0 2844 8893383

New placement, responsible=8893383
clickDestX,Y = -84, -116,  mapX,Y = 35, 36, curX,Y = -84, -116
Use on self
Sending message to server: SELF -84 -116 -1#
Got length 101 message
PU
8893404 353 0 1 -84 -116 291 0 0 0 -1 0.07 308 0 -84 -116 16.07 60.00 3.75 0;0;0;0;0;0 0 0 -1 0 1

PLAYER_UPDATE with heldOrVal=0, heldOrx=0, heldOry=0, pX=-84, pY=-116, heldTransSrcID=-1, holdingString=291
Got length 17 message
HX
0.07 6.89 0.00
clickDestX,Y = -83, -116,  mapX,Y = 36, 36, curX,Y = -84, -116
DestID = 0
Sending message to server: DROP -83 -116 -1#
Got length 99 message
PU
8893404 353 1 1 -83 -116 0 0 0 0 -1 0.07 308 0 -84 -116 16.08 60.00 3.75 0;0;0;0;0;0 0 0 -1 0 0

PLAYER_UPDATE with heldOrVal=0, heldOrx=0, heldOry=0, pX=-84, pY=-116, heldTransSrcID=-1, holdingString=0
Got length 26 message
MX
-83 -116 0 291 8893404

New placement, responsible=8893404
Got length 14 message
PE
8893309 13

Frame rate = 58.241118 frames/second
clickDestX,Y = -84, -116,  mapX,Y = 35, 36, curX,Y = -84, -116
DestID = 0
Sending message to server: USE -84 -116#
Got length 102 message
PU
8893404 353 0 1 -84 -116 148 0 0 0 152 0.07 308 0 -84 -116 16.08 60.00 3.75 0;0;0;0;0;0 0 0 -1 0 1

PLAYER_UPDATE with heldOrVal=0, heldOrx=0, heldOry=0, pX=-84, pY=-116, heldTransSrcID=152, holdingString=148
Got length 27 message
MX
-84 -116 0 151 -8893404

New placement, responsible=-8893404
clickDestX,Y = -84, -116,  mapX,Y = 35, 36, curX,Y = -84, -116
DestID = 0
Sending message to server: USE -84 -116#
Got length 102 message
PU
8893404 353 0 1 -84 -116 152 0 0 0 151 0.07 308 0 -84 -116 16.10 60.00 3.75 0;0;0;0;0;0 0 0 -1 0 1

PLAYER_UPDATE with heldOrVal=0, heldOrx=0, heldOry=0, pX=-84, pY=-116, heldTransSrcID=151, holdingString=152
Got length 25 message
MX
-84 -116 0 0 -8893404

Got length 42 message
PM
8893383 -82 -129 0.644 0.644 0 1 1 1 2

Manually forced
fixed speed = 0.055576
Got length 17 message
HX
0.07 6.89 0.00
clickDestX,Y = -84, -117,  mapX,Y = 35, 35, curX,Y = -84, -116
DestID = 0
Path found in 0.000000 ms
Sending message to server: MOVE -84 -116 @309 0 -1#
fixed speed = 0.062500
Got length 39 message
PM
8893404 -84 -116 0.267 0.267 0 0 -1

clickDestX,Y = -83, -118,  mapX,Y = 36, 34, curX,Y = -84, -117
DestID = 0
Path found in 0.000000 ms
Sending message to server: MOVE -84 -117 @310 1 -1#
fixed speed = 0.062500
Got length 39 message
PM
8893404 -84 -117 0.466 0.465 0 1 -1

Got length 14 message
PE
8893377 37

Frame rate = 58.275056 frames/second
clickDestX,Y = -82, -118,  mapX,Y = 37, 34, curX,Y = -83, -118
DestID = 0
Path found in 0.000000 ms
Sending message to server: MOVE -84 -117 @311 1 -1 2 -1#
fixed speed = 0.055592
Got length 14 message
PE
8839322 13

Got length 111 message
PU
8893383 2404 0 0 -81 -129 0 0 -81 -119 -1 0.11 772 0 -81 -127 12.77 60.00 3.75 0;0;2886;2886;0;0 0 0 -1 0 0

PLAYER_UPDATE with heldOrVal=0, heldOrx=-81, heldOry=-119, pX=-81, pY=-127, heldTransSrcID=-1, holdingString=0
Holding PU message for 8893383 until later, 0 other messages pending for them
Got length 44 message
PM
8893404 -84 -117 0.415 0.415 0 1 -1 2 -1

clickDestX,Y = -82, -119,  mapX,Y = 37, 33, curX,Y = -82, -118
DestID = 0
Path found in 0.000000 ms
Sending message to server: MOVE -83 -118 @312 1 -1#
fixed speed = 0.062500
Got length 13 message
FL
8893383 1

Got length 44 message
PM
8893404 -84 -117 0.602 0.602 0 1 -1 2 -2

Playing 1 pending received messages for 8893383
Reached dest (-81,-127) -0.107000 seconds early
Playing a held pending message
Got length 112 message
PU
8893383 2404 0 0 -81 -129 0 0 -81 -119 -1 0.11 772 0 -81 -127 12.77 60.00 3.75 0;0;2886;2886;0;0 0 0 -1 0 0
#
PLAYER_UPDATE with heldOrVal=0, heldOrx=-81, heldOry=-119, pX=-81, pY=-127, heldTransSrcID=-1, holdingString=0
Got length 24 message
FX
9 20 0 0 3.75 -1 0 0

Our food = 9/20
Playing 0 pending received messages for 8893404
Reached dest (-82,-119) -0.156876 seconds early
Got length 102 message
PU
8893404 353 0 0 -84 -116 152 0 0 0 151 0.07 312 0 -82 -119 16.12 60.00 3.75 0;0;0;0;0;0 0 0 -1 0 1

PLAYER_UPDATE with heldOrVal=0, heldOrx=0, heldOry=0, pX=-82, pY=-119, heldTransSrcID=151, holdingString=152
clickDestX,Y = -82, -120,  mapX,Y = 37, 32, curX,Y = -82, -119
DestID = 0
Path found in 0.000000 ms
Sending message to server: MOVE -82 -119 @313 0 -1#
fixed speed = 0.062500
Got length 20 message
MX
-84 -114 0 51 -1

New placement, responsible=-1
Got length 39 message
PM
8893404 -82 -119 0.267 0.264 0 0 -1

clickDestX,Y = -82, -121,  mapX,Y = 37, 31, curX,Y = -82, -120
DestID = 0
Path found in 0.000000 ms
Sending message to server: MOVE -82 -120 @314 0 -1#
fixed speed = 0.062500
Got length 44 message
PM
8893404 -82 -119 0.442 0.442 0 0 -1 0 -2

Playing 0 pending received messages for 8893404
Reached dest (-82,-121) -0.115334 seconds early
Got length 102 message
PU
8893404 353 0 0 -84 -116 152 0 0 0 151 0.07 314 0 -82 -121 16.13 60.00 3.75 0;0;0;0;0;0 0 0 -1 0 1

PLAYER_UPDATE with heldOrVal=0, heldOrx=0, heldOry=0, pX=-82, pY=-121, heldTransSrcID=151, holdingString=152
Got length 17 message
HX
0.07 6.89 0.00
Frame rate = 58.788949 frames/second
clickDestX,Y = -81, -126,  mapX,Y = 38, 26, curX,Y = -82, -121
DestID = 0
KILL with direct-click target player id=8893383
Sending message to server: KILL -81 -126 8893383#
Got length 60 message
MS
TARGET_HAS_0_ALLIES,_1_ENEMY,_SO_SHE_CAN_BE_KILLED_SOLO.

Got length 33 message
PE
8893404 16 120
8893383 27 120

Got length 102 message
PU
8893404 353 0 0 -84 -116 152 0 0 0 151 0.07 314 0 -82 -121 16.14 60.00 2.81 0;0;0;0;0;0 0 0 -1 0 1

PLAYER_UPDATE with heldOrVal=0, heldOrx=0, heldOry=0, pX=-82, pY=-121, heldTransSrcID=151, holdingString=152
Got length 20 message
PS
8893383/0 [GASP]

Got length 14 message
PE
8893341 13

clickDestX,Y = -82, -122,  mapX,Y = 37, 30, curX,Y = -82, -121
DestID = 0
Path found in 0.000000 ms
Sending message to server: MOVE -82 -121 @315 0 -1#
fixed speed = 0.046833
Got length 39 message
PM
8893404 -82 -121 0.356 0.356 0 0 -1

clickDestX,Y = -82, -123,  mapX,Y = 37, 29, curX,Y = -82, -122
DestID = 0
Path found in 0.000000 ms
Sending message to server: MOVE -82 -122 @316 0 -1#
fixed speed = 0.046833
Got length 39 message
PM
8893404 -82 -122 0.530 0.530 0 0 -1

Got length 13 message
FL
8893383 0

clickDestX,Y = -82, -124,  mapX,Y = 37, 28, curX,Y = -82, -123
DestID = 0
Path found in 0.000000 ms
Sending message to server: MOVE -82 -123 @317 0 -1#
fixed speed = 0.046833
Sending message to server: EMOT 0 0 2#
Got length 39 message
PM
8893404 -82 -123 0.466 0.466 0 0 -1

clickDestX,Y = -82, -125,  mapX,Y = 37, 27, curX,Y = -82, -124
DestID = 0
Path found in 0.000000 ms
Sending message to server: MOVE -82 -124 @318 0 -1#
fixed speed = 0.046833
Got length 42 message
PM
8893383 -81 -127 0.533 0.533 0 0 1 0 2

Manually forced
fixed speed = 0.062539
Got length 39 message
PM
8893404 -82 -124 0.427 0.427 0 0 -1

Got length 20 message
MX
-88 -115 0 52 -1

New placement, responsible=-1
clickDestX,Y = -81, -126,  mapX,Y = 38, 26, curX,Y = -82, -125
DestID = 0
Path found in 0.000000 ms
Sending message to server: MOVE -82 -125 @319 1 -1#
fixed speed = 0.046833
Got length 26 message
MC
32 8 -97 -141
1585 152

Got map chunk with bin size 1585, compressed size 152
Got length 24 message
MC
4 22 -97 -133
535 69

Got map chunk with bin size 535, compressed size 69
Got length 39 message
PM
8893404 -82 -125 0.552 0.551 0 1 -1

Got length 56 message
MX
-89 -131 0 2174 -1 -83 -137 4.000000
-83 -137 0 0 -1

New placement, responsible=-1
clickDestX,Y = -81, -125,  mapX,Y = 46, 29, curX,Y = -81, -126
DestID = 0
Path found in 0.000000 ms
Sending message to server: MOVE -82 -125 @320 1 0#
fixed speed = 0.046833
Got length 38 message
PM
8893404 -82 -125 0.298 0.298 0 1 0

Playing 0 pending received messages for 8893383
Reached dest (-81,-125) 0.021000 seconds early
Got length 111 message
PU
8893383 2404 0 0 -81 -129 0 0 -81 -119 -1 0.11 773 0 -81 -125 12.82 60.00 3.75 0;0;2886;2886;0;0 0 0 -1 0 0

PLAYER_UPDATE with heldOrVal=0, heldOrx=-81, heldOry=-119, pX=-81, pY=-125, heldTransSrcID=-1, holdingString=0
Frame rate = 59.417712 frames/second
clickDestX,Y = -82, -124,  mapX,Y = 45, 30, curX,Y = -81, -125
DestID = 0
Path found in 0.000000 ms
Sending message to server: MOVE -82 -125 @321 0 1#
fixed speed = 0.046833
Got length 13 message
PE
8893402 6

Got length 38 message
PM
8893404 -82 -125 0.376 0.376 0 0 1

clickDestX,Y = -82, -123,  mapX,Y = 45, 31, curX,Y = -82, -124
DestID = 0
Path found in 0.000000 ms
Sending message to server: MOVE -82 -124 @322 0 1#
fixed speed = 0.046833
Got length 42 message
PM
8893404 -82 -125 0.605 0.605 0 0 1 0 2

Got length 13 message
PE
8893377 5

Got length 17 message
HX
0.07 6.89 0.00
clickDestX,Y = -81, -124,  mapX,Y = 46, 30, curX,Y = -82, -123
DestID = 0
Path found in 0.000000 ms
Sending message to server: MOVE -82 -124 @323 1 0#
fixed speed = 0.046833
Got length 38 message
PM
8893404 -82 -124 0.358 0.358 0 1 0

clickDestX,Y = -80, -124,  mapX,Y = 47, 30, curX,Y = -81, -124
DestID = 0
Path found in 0.000000 ms
Sending message to server: MOVE -81 -124 @324 1 0#
fixed speed = 0.046833
Got length 42 message
PM
8893404 -82 -124 0.563 0.563 0 1 0 2 0

clickDestX,Y = -80, -125,  mapX,Y = 47, 29, curX,Y = -80, -124
DestID = 0
Path found in 0.000000 ms
Sending message to server: MOVE -80 -124 @325 0 -1#
fixed speed = 0.046833
Got length 39 message
PM
8893404 -80 -124 0.376 0.376 0 0 -1

clickDestX,Y = -81, -125,  mapX,Y = 46, 29, curX,Y = -80, -125
DestID = 0
Path found in 0.000000 ms
Sending message to server: MOVE -80 -125 @326 -1 0#
fixed speed = 0.046833
Sending message to server: FLIP -82 -125#
Got length 39 message
PM
8893404 -80 -125 0.375 0.375 0 -1 0

Got length 13 message
FL
8893404 1

Got length 14 message
PE
8893388 13

Frame rate = 60.060061 frames/second
Playing 0 pending received messages for 8893404
Reached dest (-81,-125) 0.007872 seconds early
Got length 102 message
PU
8893404 353 0 0 -84 -116 152 0 0 0 151 0.07 326 0 -81 -125 16.19 60.00 2.81 0;0;0;0;0;0 0 0 -1 0 1

PLAYER_UPDATE with heldOrVal=0, heldOrx=0, heldOry=0, pX=-81, pY=-125, heldTransSrcID=151, holdingString=152
Got length 17 message
PE
8893389 31 30

Got length 17 message
HX
0.07 6.89 0.00
Got length 16 message
PE
8893377 32 1

Got length 19 message
PS
8893383/0 IBLBL

Frame rate = 59.988000 frames/second
Sending message to server: FLIP -80 -125#
Got length 13 message
FL
8893404 0

Got length 13 message
FL
8893383 1

Got length 14 message
PE
8893309 13

Got length 39 message
PM
8893383 -81 -125 0.267 0.267 0 -1 0

Manually forced
fixed speed = 0.062422
Got length 24 message
FX
8 20 0 0 2.81 -1 0 0

Our food = 8/20
Got length 111 message
PU
8893383 2404 0 0 -81 -129 0 0 -81 -119 -1 0.11 774 0 -82 -125 12.90 60.00 3.75 0;0;2886;2886;0;0 0 0 -1 0 0

PLAYER_UPDATE with heldOrVal=0, heldOrx=-81, heldOry=-119, pX=-82, pY=-125, heldTransSrcID=-1, holdingString=0
Holding PU message for 8893383 until later, 0 other messages pending for them
Got length 17 message
HX
0.07 6.89 0.00
Playing 1 pending received messages for 8893383
Reached dest (-82,-125) -0.001000 seconds early
Playing a held pending message
Got length 112 message
PU
8893383 2404 0 0 -81 -129 0 0 -81 -119 -1 0.11 774 0 -82 -125 12.90 60.00 3.75 0;0;2886;2886;0;0 0 0 -1 0 0
#
PLAYER_UPDATE with heldOrVal=0, heldOrx=-81, heldOry=-119, pX=-82, pY=-125, heldTransSrcID=-1, holdingString=0
clickDestX,Y = -82, -125,  mapX,Y = 45, 29, curX,Y = -81, -125
DestID = 0
Path found in 0.000000 ms
Sending message to server: MOVE -81 -125 @327 -1 0#
fixed speed = 0.046833
Got length 39 message
PM
8893404 -81 -125 0.356 0.356 0 -1 0

clickDestX,Y = -83, -125,  mapX,Y = 44, 29, curX,Y = -82, -125
DestID = 0
Path found in 0.000000 ms
Sending message to server: MOVE -82 -125 @328 -1 0#
fixed speed = 0.046833
Got length 39 message
PM
8893404 -82 -125 0.525 0.525 0 -1 0

clickDestX,Y = -82, -125,  mapX,Y = 45, 29, curX,Y = -83, -125
DestID = 0
Path found in 0.000000 ms
Sending message to server: MOVE -83 -125 @329 1 0#
fixed speed = 0.046833
Got length 38 message
PM
8893404 -83 -125 0.269 0.269 0 1 0

Frame rate = 59.988009 frames/second
Got length 25 message
PE
8893371 -1
8893358 -1

Playing 0 pending received messages for 8893404
Reached dest (-82,-125) 0.138872 seconds early
Got length 102 message
PU
8893404 353 0 0 -84 -116 152 0 0 0 151 0.07 329 0 -82 -125 16.25 60.00 2.81 0;0;0;0;0;0 0 0 -1 0 1

PLAYER_UPDATE with heldOrVal=0, heldOrx=0, heldOry=0, pX=-82, pY=-125, heldTransSrcID=151, holdingString=152
Got length 14 message
PE
8839322 13

Got length 13 message
FL
8893383 0

Got length 38 message
PM
8893383 -82 -125 0.267 0.267 0 1 0

Manually forced
fixed speed = 0.062422
Playing 0 pending received messages for 8893383
Reached dest (-81,-125) -0.001000 seconds early
Got length 111 message
PU
8893383 2404 0 0 -81 -129 0 0 -81 -119 -1 0.11 775 0 -81 -125 12.93 60.00 3.75 0;0;2886;2886;0;0 0 0 -1 0 0

PLAYER_UPDATE with heldOrVal=0, heldOrx=-81, heldOry=-119, pX=-81, pY=-125, heldTransSrcID=-1, holdingString=0
Got length 17 message
HX
0.07 6.89 0.00
clickDestX,Y = -81, -125,  mapX,Y = 46, 29, curX,Y = -82, -125
DestID = 0
Path found in 0.000000 ms
Sending message to server: MOVE -82 -125 @330 1 0#
fixed speed = 0.046833
Got length 38 message
PM
8893404 -82 -125 0.356 0.355 0 1 0

Got length 56 message
MX
-95 -137 0 2174 -1 -89 -131 4.000000
-89 -131 0 0 -1

Frame rate = 60.024005 frames/second
Playing 0 pending received messages for 8893404
Reached dest (-81,-125) 0.005872 seconds early
Got length 102 message
PU
8893404 353 0 0 -84 -116 152 0 0 0 151 0.07 330 0 -81 -125 16.28 60.00 2.81 0;0;0;0;0;0 0 0 -1 0 1

PLAYER_UPDATE with heldOrVal=0, heldOrx=0, heldOry=0, pX=-81, pY=-125, heldTransSrcID=151, holdingString=152
Got length 14 message
PE
8893341 13

Got length 13 message
FL
8893383 1

Frame rate = 59.952039 frames/second
Got length 17 message
HX
0.07 6.89 0.00
Got length 13 message
PE
8893377 5

Got length 14 message
PE
8893389 -1

Got length 13 message
PE
8893402 6

Frame rate = 60.060061 frames/second
Got length 23 message
PS
8893383/0 DOTS SKEA

Got length 17 message
HX
0.07 6.89 0.00
Got length 11 message
DY
8893383

Got length 210 message
PU
8893404 353 0 1 -81 -125 749 0 0 0 0 0.07 330 0 -81 -125 16.34 60.00 0.94 0;0;0;0;0;0 0 0 -1 0 1
8893383 2404 0 0 -81 -129 798 0 -81 -119 -1 0.11 775 0 -81 -125 13.00 60.00 2.81 0;0;2886;2886;0;0 0 0 -1 0 1

PLAYER_UPDATE with heldOrVal=0, heldOrx=0, heldOry=0, pX=-81, pY=-125, heldTransSrcID=0, holdingString=749
PLAYER_UPDATE with heldOrVal=0, heldOrx=-81, heldOry=-119, pX=-81, pY=-125, heldTransSrcID=-1, holdingString=798
Got length 25 message
PE
8893404 -1
8893383 -1

Got length 100 message
PU
8893404 353 0 0 -81 -125 749 0 0 0 0 0.07 330 0 -81 -125 16.34 60.00 0.94 0;0;0;0;0;0 0 0 -1 0 1

PLAYER_UPDATE with heldOrVal=0, heldOrx=0, heldOry=0, pX=-81, pY=-125, heldTransSrcID=0, holdingString=749
Got length 14 message
PE
8893388 13

Got length 24 message
FX
7 20 0 0 0.94 -1 0 0

Our food = 7/20
Frame rate = 58.207220 frames/second
Got length 39 message
PM
8893383 -81 -125 0.356 0.356 0 -1 0

Manually forced
fixed speed = 0.046816
Got length 17 message
HX
0.07 6.89 0.00
Got length 113 message
PU
8893383 2404 0 0 -81 -129 798 0 -81 -119 -1 0.11 776 0 -82 -125 13.03 60.00 2.81 0;0;2886;2886;0;0 0 0 -1 0 1

PLAYER_UPDATE with heldOrVal=0, heldOrx=-81, heldOry=-119, pX=-82, pY=-125, heldTransSrcID=-1, holdingString=798
Holding PU message for 8893383 until later, 0 other messages pending for them
Playing 1 pending received messages for 8893383
Reached dest (-82,-125) -0.048000 seconds early
Playing a held pending message
Got length 114 message
PU
8893383 2404 0 0 -81 -129 798 0 -81 -119 -1 0.11 776 0 -82 -125 13.03 60.00 2.81 0;0;2886;2886;0;0 0 0 -1 0 1
#
PLAYER_UPDATE with heldOrVal=0, heldOrx=-81, heldOry=-119, pX=-82, pY=-125, heldTransSrcID=-1, holdingString=798
Got length 13 message
FL
8893383 0

Got length 14 message
PE
8893309 13

Frame rate = 58.309033 frames/second
Got length 56 message
MX
-95 -143 0 2174 -1 -95 -137 4.000000
-95 -137 0 0 -1

New placement, responsible=-1
Got length 13 message
PE
8893371 1

Got length 17 message
HX
0.07 6.89 0.00
Got length 14 message
PE
8839322 13

Frame rate = 59.988009 frames/second
Got length 17 message
HX
0.07 6.89 0.00
Got length 14 message
PE
8893341 13

Frame rate = 59.988000 frames/second
Got length 13 message
PE
8893377 5

Got length 13 message
PE
8893402 6

Got length 24 message
FX
6 20 0 0 0.94 -1 0 0

Our food = 6/20
Got length 17 message
HX
0.07 6.89 0.00
Frame rate = 60.024005 frames/second
Got length 14 message
PE
8893388 13

Frame rate = 59.988009 frames/second
Got length 17 message
HX
0.07 6.89 0.00
Sending message to server: KA 0 0#
Frame rate = 58.788940 frames/second
Got length 16 message
PE
8893370 32 1

Got length 14 message
PE
8893309 13

Got length 17 message
HX
0.07 6.89 0.00
Got length 13 message
PE
8893371 1

Frame rate = 60.024014 frames/second
Got length 13 message
PE
8893383 5

Got length 14 message
PE
8839322 13

Got length 17 message
HX
0.07 6.89 0.00
Got length 24 message
FX
5 20 0 0 0.94 -1 0 0

Our food = 5/20
Frame rate = 60.024005 frames/second
Got length 14 message
PE
8893341 13

Got length 16 message
PE
8893384 32 1

Got length 17 message
HX
0.07 6.89 0.00
Got length 13 message
PE
8893377 5

Frame rate = 59.952039 frames/second
Got length 25 message
PS
8893383/0 SWENED SKEA

Got length 13 message
PE
8893402 6

Got length 17 message
HX
0.07 6.89 0.00
Frame rate = 60.060061 frames/second
Got length 14 message
PE
8893388 13

Frame rate = 59.988000 frames/second
Got length 17 message
HX
0.07 6.89 0.00
Got length 14 message
PE
8893309 13

Frame rate = 58.823528 frames/second
Got length 24 message
FX
4 20 0 0 0.94 -1 0 0

Our food = 4/20
Got length 13 message
PE
8893371 1

Got length 17 message
HX
0.07 6.89 0.00
Sending message to server: FLIP -82 -125#
Got length 14 message
PE
8839322 13

Got length 13 message
FL
8893404 1

Frame rate = 58.858156 frames/second
Got length 17 message
HX
0.07 6.89 0.00
Got length 14 message
PE
8893341 13

Frame rate = 58.275056 frames/second
Got length 17 message
PE
8893402 31 30

Got length 13 message
PE
8893377 5

Got length 13 message
PE
8893402 6

Got length 17 message
HX
0.07 6.89 0.00
Frame rate = 59.952039 frames/second
Got length 29 message
PS
8893383/0 WOW SWYD LECT!!

Got length 14 message
PE
8893388 13

Got length 17 message
HX
0.07 6.89 0.00
Frame rate = 60.024014 frames/second
Got length 24 message
FX
3 20 0 0 0.94 -1 0 0

Our food = 3/20
Got length 14 message
PE
8893309 13

Got length 13 message
PE
8893383 5

Frame rate = 58.823528 frames/second
Got length 17 message
HX
0.07 6.89 0.00
Got length 13 message
PE
8893371 1

Got length 14 message
PE
8839322 13

Frame rate = 59.988000 frames/second
Got length 13 message
PE
8893377 0

Got length 16 message
PE
8893336 32 1

Got length 17 message
HX
0.07 6.89 0.00
Got length 17 message
PE
8893402 31 30

Got length 14 message
PE
8893341 13

Sending message to server: FLIP -80 -125#
Got length 13 message
FL
8893404 0

Frame rate = 58.241118 frames/second
Got length 16 message
PE
8893375 32 1

Got length 17 message
HX
0.07 6.89 0.00
Got length 13 message
PE
8893402 6

Frame rate = 60.024014 frames/second
Sending message to server: FLIP -82 -125#
Got length 14 message
PE
8893402 -1

Got length 13 message
FL
8893404 1

Got length 17 message
PE
8893404 31 30

Got length 24 message
FX
2 20 0 0 0.94 -1 0 0

Our food = 2/20
Got length 39 message
PM
8893383 -82 -125 0.503 0.503 0 1 -1

Manually forced
fixed speed = 0.046859
Got length 17 message
HX
0.07 6.89 0.00
Got length 113 message
PU
8893383 2404 0 0 -81 -129 798 0 -81 -119 -1 0.11 777 0 -81 -126 13.60 60.00 2.81 0;0;2886;2886;0;0 0 0 -1 0 1

PLAYER_UPDATE with heldOrVal=0, heldOrx=-81, heldOry=-119, pX=-81, pY=-126, heldTransSrcID=-1, holdingString=798
Holding PU message for 8893383 until later, 0 other messages pending for them
Playing 1 pending received messages for 8893383
Reached dest (-81,-126) 0.001000 seconds early
Playing a held pending message
Got length 114 message
PU
8893383 2404 0 0 -81 -129 798 0 -81 -119 -1 0.11 777 0 -81 -126 13.60 60.00 2.81 0;0;2886;2886;0;0 0 0 -1 0 1
#
PLAYER_UPDATE with heldOrVal=0, heldOrx=-81, heldOry=-119, pX=-81, pY=-126, heldTransSrcID=-1, holdingString=798
Got length 14 message
PE
8893388 13

Frame rate = 59.988000 frames/second
Got length 17 message
PE
8893402 29 10

Sending message to server: EMOT 0 0 12#
Got length 38 message
PM
8893383 -81 -126 0.503 0.503 0 1 1

Manually forced
fixed speed = 0.046859
Got length 14 message
PE
8893404 12

Got length 113 message
PU
8893383 2404 0 0 -81 -129 798 0 -81 -119 -1 0.11 778 0 -80 -125 13.63 60.00 2.81 0;0;2886;2886;0;0 0 0 -1 0 1

PLAYER_UPDATE with heldOrVal=0, heldOrx=-81, heldOry=-119, pX=-80, pY=-125, heldTransSrcID=-1, holdingString=798
Holding PU message for 8893383 until later, 0 other messages pending for them
Playing 1 pending received messages for 8893383
Reached dest (-80,-125) 0.001000 seconds early
Playing a held pending message
Got length 114 message
PU
8893383 2404 0 0 -81 -129 798 0 -81 -119 -1 0.11 778 0 -80 -125 13.63 60.00 2.81 0;0;2886;2886;0;0 0 0 -1 0 1
#
PLAYER_UPDATE with heldOrVal=0, heldOrx=-81, heldOry=-119, pX=-80, pY=-125, heldTransSrcID=-1, holdingString=798
Got length 13 message
FL
8893383 1

Got length 17 message
HX
0.07 6.89 0.00
Frame rate = 59.988000 frames/second
Sending message to server: FLIP -80 -125#
Got length 13 message
FL
8893404 0

Got length 14 message
PE
8893309 13

Got length 40 message
PM
8893383 -80 -125 0.503 0.502 0 -1 -1

Manually forced
fixed speed = 0.046953
Got length 113 message
PU
8893383 2404 0 0 -81 -129 798 0 -81 -119 -1 0.11 779 0 -81 -126 13.65 60.00 2.81 0;0;2886;2886;0;0 0 0 -1 0 1

PLAYER_UPDATE with heldOrVal=0, heldOrx=-81, heldOry=-119, pX=-81, pY=-126, heldTransSrcID=-1, holdingString=798
Holding PU message for 8893383 until later, 0 other messages pending for them
Playing 1 pending received messages for 8893383
Reached dest (-81,-126) 0.001000 seconds early
Playing a held pending message
Got length 114 message
PU
8893383 2404 0 0 -81 -129 798 0 -81 -119 -1 0.11 779 0 -81 -126 13.65 60.00 2.81 0;0;2886;2886;0;0 0 0 -1 0 1
#
PLAYER_UPDATE with heldOrVal=0, heldOrx=-81, heldOry=-119, pX=-81, pY=-126, heldTransSrcID=-1, holdingString=798
clickDestX,Y = -81, -124,  mapX,Y = 46, 30, curX,Y = -81, -125
DestID = 0
Path found in 0.000000 ms
Sending message to server: MOVE -81 -125 @331 0 1#
fixed speed = 0.015667
Got length 38 message
PM
8893404 -81 -125 1.067 1.067 0 0 1

Got length 13 message
PE
8893371 1

clickDestX,Y = -81, -123,  mapX,Y = 46, 31, curX,Y = -81, -124
DestID = 0
Path found in 0.000000 ms
Sending message to server: MOVE -81 -124 @332 0 1#
fixed speed = 0.015667
Got length 42 message
PM
8893404 -81 -125 1.603 1.602 0 0 1 0 2

Frame rate = 60.024005 frames/second
Got length 17 message
HX
0.07 6.89 0.00
Got length 14 message
PE
8839322 13

clickDestX,Y = -82, -124,  mapX,Y = 45, 30, curX,Y = -81, -123
DestID = 0
Path found in 0.000000 ms
Sending message to server: MOVE -81 -124 @333 -1 0#
fixed speed = 0.015667
Got length 38 message
PM
8893383 -81 -126 0.356 0.356 0 0 1

Manually forced
fixed speed = 0.046816
Sending message to server: FLIP -83 -124#
Got length 39 message
PM
8893404 -81 -124 1.111 1.111 0 -1 0

Got length 13 message
FL
8893404 1

Got length 113 message
PU
8893383 2404 0 0 -81 -129 798 0 -81 -119 -1 0.11 780 0 -81 -125 13.68 60.00 2.81 0;0;2886;2886;0;0 0 0 -1 0 1

PLAYER_UPDATE with heldOrVal=0, heldOrx=-81, heldOry=-119, pX=-81, pY=-125, heldTransSrcID=-1, holdingString=798
Holding PU message for 8893383 until later, 0 other messages pending for them
Playing 1 pending received messages for 8893383
Reached dest (-81,-125) 0.006000 seconds early
Playing a held pending message
Got length 114 message
PU
8893383 2404 0 0 -81 -129 798 0 -81 -119 -1 0.11 780 0 -81 -125 13.68 60.00 2.81 0;0;2886;2886;0;0 0 0 -1 0 1
#
PLAYER_UPDATE with heldOrVal=0, heldOrx=-81, heldOry=-119, pX=-81, pY=-125, heldTransSrcID=-1, holdingString=798
Playing 0 pending received messages for 8893404
Reached dest (-82,-124) 0.013830 seconds early
Got length 38 message
PM
8893383 -81 -125 0.356 0.356 0 0 1

Manually forced
fixed speed = 0.046816
Got length 100 message
PU
8893404 353 0 0 -81 -125 749 0 0 0 0 0.07 333 0 -82 -124 17.03 60.00 0.94 0;0;0;0;0;0 0 0 -1 0 1

PLAYER_UPDATE with heldOrVal=0, heldOrx=0, heldOry=0, pX=-82, pY=-124, heldTransSrcID=0, holdingString=749
Frame rate = 60.024014 frames/second
Playing 0 pending received messages for 8893383
Reached dest (-81,-124) 0.008000 seconds early
Got length 113 message
PU
8893383 2404 0 0 -81 -129 798 0 -81 -119 -1 0.11 781 0 -81 -124 13.69 60.00 2.81 0;0;2886;2886;0;0 0 0 -1 0 1

PLAYER_UPDATE with heldOrVal=0, heldOrx=-81, heldOry=-119, pX=-81, pY=-124, heldTransSrcID=-1, holdingString=798
Got length 17 message
HX
0.07 6.89 0.00
Got length 14 message
PE
8893341 13

Sending message to server: USE -82 -124#
Got length 100 message
PU
8893404 353 0 1 -82 -124 749 0 0 0 0 0.07 333 0 -82 -124 17.04 60.00 0.94 0;0;0;0;0;0 0 0 -1 0 1

PLAYER_UPDATE with heldOrVal=0, heldOrx=0, heldOry=0, pX=-82, pY=-124, heldTransSrcID=0, holdingString=749
Got length 17 message
PE
8893404 31 30

Got length 24 message
FX
1 20 0 0 0.94 -1 0 0

Our food = 1/20
Sending message to server: USE -82 -124#
Got length 100 message
PU
8893404 353 0 1 -82 -124 749 0 0 0 0 0.07 333 0 -82 -124 17.05 60.00 0.94 0;0;0;0;0;0 0 0 -1 0 1

PLAYER_UPDATE with heldOrVal=0, heldOrx=0, heldOry=0, pX=-82, pY=-124, heldTransSrcID=0, holdingString=749
Sending message to server: FLIP -81 -124#
Got length 13 message
FL
8893404 0

Frame rate = 59.988000 frames/second
Got length 16 message
PE
8893375 32 1

Got length 17 message
HX
0.07 6.89 0.00
Sending message to server: EMOT 0 0 0#
Got length 13 message
PE
8893404 0

Frame rate = 60.024014 frames/second
Got length 14 message
PE
8893388 13

Got length 17 message
HX
0.07 6.89 0.00
Frame rate = 59.952039 frames/second
Got length 14 message
PE
8893309 13

Got length 13 message
PE
8893383 5

Got length 17 message
HX
0.07 6.89 0.00
Got length 16 message
PE
8893405 30 5

Frame rate = 60.060061 frames/second
Got length 13 message
PE
8893371 1

Got length 17 message
PE
8893404 31 30

Got length 24 message
FX
0 20 0 0 0.94 -1 0 0

Our food = 0/20
Got length 16 message
PE
8893375 32 1

Got length 14 message
PE
8839322 13

Frame rate = 60.024014 frames/second
Got length 17 message
HX
0.07 6.89 0.00
Sending message to server: FLIP -83 -124#
Got length 13 message
FL
8893404 1

Got length 14 message
PE
8893341 13

Frame rate = 59.952039 frames/second
Got length 17 message
HX
0.07 6.89 0.00
Sending message to server: FLIP -81 -124#
Got length 13 message
FL
8893404 0

Sending message to server: EMOT 0 0 0#
Got length 13 message
PE
8893404 0

Got length 13 message
PE
8893402 6

Sending message to server: EMOT 0 0 11#
Got length 14 message
PE
8893404 11

Frame rate = 60.024005 frames/second
Sending message to server: EMOT 0 0 0#
Got length 13 message
PE
8893404 0

clickDestX,Y = -81, -124,  mapX,Y = 46, 30, curX,Y = -82, -124
DestID = 0
Path found in 0.999928 ms
Sending message to server: MOVE -82 -124 @334 1 0#
fixed speed = 0.015667
Got length 38 message
PM
8893404 -82 -124 1.067 1.067 0 1 0

Got length 17 message
HX
0.07 6.89 0.00
Got length 14 message
PE
8893388 13

Got length 14 message
PE
8893383 36

Playing 0 pending received messages for 8893404
Reached dest (-81,-124) 0.015830 seconds early
Got length 100 message
PU
8893404 353 0 0 -82 -124 749 0 0 0 0 0.07 334 0 -81 -124 17.25 60.00 0.94 0;0;0;0;0;0 0 0 -1 0 1

PLAYER_UPDATE with heldOrVal=0, heldOrx=0, heldOry=0, pX=-81, pY=-124, heldTransSrcID=0, holdingString=749
Sending message to server: FLIP -82 -124#
Frame rate = 59.952039 frames/second
Got length 13 message
FL
8893404 1

Got length 17 message
PE
8893404 31 30

Got length 24 message
FX
0 20 0 0 0.94 -1 0 0

Our food = 0/20
Got length 20 message
GV
-81 -124 8893404

Got length 47 message
MX
-81 -124 0 87,716 -1
-80 -124 0 151 8893404

New placement, responsible=-1
New placement, responsible=8893404
Got length 102 message
PU
8893404 353 0 0 0 0 749 0 0 0 0 0.07 0 0 X X 17.27 60.00 0.94 0;0;0;0;0;0 0 0 -1 0 1 reason_hunger

Got X X death message for our ID 8893404
Frame rate = 59.988000 frames/second
Frame rate = 58.275064 frames/second
Frame rate = 60.060053 frames/second
Frame rate = 59.952039 frames/second
Frame rate = 59.417712 frames/second
Frame rate = 58.858148 frames/second
Frame rate = 59.988009 frames/second
Frame rate = 59.988000 frames/second
Frame rate = 60.060061 frames/second
Frame rate = 59.417703 frames/second
Frame rate = 60.024014 frames/second
Frame rate = 59.382422 frames/second
Frame rate = 59.988000 frames/second
Frame rate = 60.024014 frames/second
Frame rate = 59.988000 frames/second
Frame rate = 60.024005 frames/second
Frame rate = 59.952039 frames/second
Frame rate = 60.024014 frames/second
Frame rate = 59.988000 frames/second
Frame rate = 60.024014 frames/second
Frame rate = 59.988000 frames/second
Frame rate = 60.060053 frames/second
Frame rate = 59.988009 frames/second
Frame rate = 59.988000 frames/second
Frame rate = 60.024005 frames/second
Frame rate = 59.988009 frames/second
Frame rate = 60.024005 frames/second
Frame rate = 59.347183 frames/second
Total received = 155372 bytes (+78052 in headers), total sent = 15371 bytes (+19708 in headers)
